id,doi,pmid,date_publication,trn,registry,has_reg_pub_link,doi_link,pmid_link,reference_derived,has_trn_secondary_id,has_trn_abstract,has_trn_ft,has_ft,n_pub_ordered,is_earliest_pub,n_links,is_best_linked
tri01482,10.1007/s11655-020-3426-7,32676976,2020-07-16,NCT04251871,ClinicalTrials.gov,TRUE,TRUE,TRUE,TRUE,TRUE,TRUE,TRUE,TRUE,1,TRUE,4,TRUE
tri00731,10.1093/ofid/ofaa241,32671131,2020-06-21,NCT04252274,ClinicalTrials.gov,TRUE,TRUE,TRUE,TRUE,TRUE,TRUE,TRUE,TRUE,1,TRUE,4,TRUE
tri00002,10.1016/j.medj.2020.04.001,32838353,2020-05-19,NCT04252885,ClinicalTrials.gov,TRUE,TRUE,TRUE,TRUE,TRUE,TRUE,TRUE,TRUE,1,TRUE,4,TRUE
tri00894,10.1016/s0140-6736(20)31022-9,32423584,2020-04-29,NCT04257656,ClinicalTrials.gov,TRUE,TRUE,TRUE,TRUE,TRUE,TRUE,TRUE,TRUE,1,TRUE,4,TRUE
tri01795,10.1159/000512063,33486496,2021-01-22,NCT04273321,ClinicalTrials.gov,TRUE,TRUE,TRUE,TRUE,TRUE,TRUE,TRUE,TRUE,1,TRUE,4,TRUE
tri00654,10.1038/s41467-021-21085-8,33547300,2021-02-05,NCT04275414,ClinicalTrials.gov,TRUE,TRUE,TRUE,TRUE,TRUE,TRUE,TRUE,TRUE,1,TRUE,4,TRUE
tri00896,10.1016/s0140-6736(20)31042-4,32401715,2020-05-10,NCT04276688,ClinicalTrials.gov,TRUE,TRUE,TRUE,TRUE,TRUE,TRUE,TRUE,TRUE,1,TRUE,4,TRUE
tri03275,10.1038/s41392-021-00488-5,33568628,2021-02-10,NCT04288102,ClinicalTrials.gov,TRUE,TRUE,TRUE,TRUE,TRUE,TRUE,TRUE,TRUE,1,TRUE,4,TRUE
tri02446,10.1056/nejmoa2015301,32459919,2020-05-27,NCT04292899,ClinicalTrials.gov,TRUE,TRUE,TRUE,FALSE,TRUE,TRUE,TRUE,TRUE,1,TRUE,4,TRUE
tri03277,10.7326/m20-4207,32673060,2020-07-16,NCT04308668,ClinicalTrials.gov,TRUE,TRUE,TRUE,FALSE,TRUE,TRUE,TRUE,TRUE,2,FALSE,4,TRUE
tri03196,10.1016/j.eclinm.2021.100957,34195577,2021-06-17,NCT04311177,ClinicalTrials.gov,TRUE,TRUE,TRUE,FALSE,TRUE,TRUE,TRUE,TRUE,1,TRUE,4,TRUE
tri02934,10.1038/s41467-020-19056-6,33082342,2020-10-20,NCT04316377,ClinicalTrials.gov,TRUE,TRUE,TRUE,TRUE,TRUE,TRUE,TRUE,TRUE,1,TRUE,4,TRUE
tri02447,10.1056/nejmoa2028700,33631066,2021-02-25,NCT04320615,ClinicalTrials.gov,TRUE,TRUE,TRUE,TRUE,TRUE,TRUE,TRUE,TRUE,1,TRUE,4,TRUE
tri02244,10.1016/s0140-6736(20)31862-6,32896292,2020-09-04,NCT04321278,ClinicalTrials.gov,TRUE,TRUE,TRUE,TRUE,TRUE,TRUE,TRUE,TRUE,1,TRUE,4,TRUE
tri03026,10.1016/s2213-2600(21)00222-8,34051877,2021-05-27,NCT04322682,ClinicalTrials.gov,TRUE,TRUE,TRUE,TRUE,TRUE,TRUE,TRUE,TRUE,1,TRUE,4,TRUE
tri00908,10.1016/s2665-9913(21)00315-5,34812424,2021-11-17,NCT04324073,ClinicalTrials.gov,TRUE,TRUE,TRUE,TRUE,TRUE,TRUE,TRUE,TRUE,1,TRUE,4,TRUE
tri00985,10.1016/s2213-2600(21)00356-8,34425070,2021-08-20,NCT04325906,ClinicalTrials.gov,TRUE,TRUE,TRUE,FALSE,TRUE,TRUE,TRUE,TRUE,1,TRUE,4,TRUE
tri00914,10.1016/j.cyto.2021.155662,34353696,2021-07-29,NCT04326426,ClinicalTrials.gov,TRUE,TRUE,TRUE,TRUE,TRUE,TRUE,TRUE,TRUE,1,TRUE,4,TRUE
tri03748,10.1016/s2213-2600(21)00099-0,33676590,2021-03-04,NCT04327388,ClinicalTrials.gov,TRUE,TRUE,TRUE,TRUE,TRUE,TRUE,TRUE,TRUE,1,TRUE,4,TRUE
tri02327,10.1093/cid/ciaa1571,33068425,2020-10-17,NCT04328467,ClinicalTrials.gov,TRUE,TRUE,TRUE,FALSE,TRUE,TRUE,TRUE,TRUE,1,TRUE,4,TRUE
tri01880,10.7326/m20-6519,33284679,2020-12-08,NCT04328961,ClinicalTrials.gov,TRUE,TRUE,TRUE,TRUE,TRUE,TRUE,TRUE,TRUE,1,TRUE,4,TRUE
tri00675,10.3390/jcm10163545,34441840,2021-08-21,NCT04330586,ClinicalTrials.gov,TRUE,TRUE,TRUE,TRUE,TRUE,TRUE,TRUE,TRUE,1,TRUE,4,TRUE
tri01097,10.1001/jamainternmed.2020.6820,33080017,2020-10-20,NCT04331808,ClinicalTrials.gov,TRUE,TRUE,TRUE,TRUE,TRUE,TRUE,TRUE,TRUE,1,TRUE,4,TRUE
tri03293,10.1038/s41467-021-22177-1,33785743,2021-03-30,NCT04331899,ClinicalTrials.gov,TRUE,TRUE,TRUE,FALSE,TRUE,TRUE,TRUE,TRUE,1,TRUE,4,TRUE
tri00776,10.7326/m20-6817,33205991,2020-11-18,NCT04337541,ClinicalTrials.gov,TRUE,TRUE,TRUE,TRUE,TRUE,TRUE,TRUE,TRUE,1,TRUE,4,TRUE
tri01107,10.1016/s2213-2600(20)30558-0,33422263,2021-01-07,NCT04338009,ClinicalTrials.gov,TRUE,TRUE,TRUE,TRUE,TRUE,TRUE,TRUE,TRUE,1,TRUE,4,TRUE
tri03200,10.3389/fmed.2021.654658,34307397,2021-07-08,NCT04340414,ClinicalTrials.gov,TRUE,TRUE,TRUE,TRUE,TRUE,TRUE,TRUE,TRUE,1,TRUE,4,TRUE
tri05350,10.1007/s40121-021-00453-3,33977506,2021-05-11,NCT04340557,ClinicalTrials.gov,TRUE,TRUE,TRUE,TRUE,TRUE,TRUE,TRUE,TRUE,1,TRUE,4,TRUE
tri00789,10.3389/fmed.2021.691712,34195214,2021-06-14,NCT04341038,ClinicalTrials.gov,TRUE,TRUE,TRUE,TRUE,TRUE,TRUE,TRUE,TRUE,1,TRUE,4,TRUE
tri02023,10.1016/s0140-6736(20)31605-6,32702299,2020-07-20,NCT04341389,ClinicalTrials.gov,TRUE,TRUE,TRUE,TRUE,TRUE,TRUE,TRUE,TRUE,1,TRUE,4,TRUE
tri00931,10.1016/s2213-2600(20)30556-7,33493450,2021-01-22,NCT04341584,ClinicalTrials.gov,TRUE,TRUE,TRUE,TRUE,TRUE,TRUE,TRUE,TRUE,1,TRUE,4,TRUE
tri03302,10.1007/s40121-020-00341-2,32951151,2020-09-20,NCT04343261,ClinicalTrials.gov,TRUE,TRUE,TRUE,FALSE,TRUE,TRUE,TRUE,TRUE,1,TRUE,4,TRUE
tri03303,10.1093/cid/ciaa1177,32785710,2020-08-12,NCT04343729,ClinicalTrials.gov,TRUE,TRUE,TRUE,TRUE,TRUE,TRUE,TRUE,TRUE,1,TRUE,4,TRUE
tri01424,10.1038/s41598-021-86859-y,33850184,2021-04-13,NCT04343768,ClinicalTrials.gov,TRUE,TRUE,TRUE,TRUE,TRUE,TRUE,TRUE,TRUE,1,TRUE,4,TRUE
tri01425,10.1186/s13054-020-03220-x,32795330,2020-08-14,NCT04345614,ClinicalTrials.gov,TRUE,TRUE,TRUE,TRUE,TRUE,TRUE,TRUE,TRUE,1,TRUE,4,TRUE
tri00985,10.1016/s2213-2600(21)00356-8,34425070,2021-08-20,NCT04347941,ClinicalTrials.gov,TRUE,TRUE,TRUE,FALSE,TRUE,TRUE,TRUE,TRUE,1,TRUE,4,FALSE
tri03047,10.1016/j.eclinm.2021.100981,34222847,2021-06-27,NCT04348409,ClinicalTrials.gov,TRUE,TRUE,TRUE,TRUE,TRUE,TRUE,TRUE,TRUE,1,TRUE,4,TRUE
tri05359,10.1016/j.eclinm.2020.100645,33251500,2020-11-20,NCT04349592,ClinicalTrials.gov,TRUE,TRUE,TRUE,TRUE,TRUE,TRUE,TRUE,TRUE,1,TRUE,4,TRUE
tri01427,10.2147/ijgm.s329810,34539185,2021-09-11,NCT04350320,ClinicalTrials.gov,TRUE,TRUE,TRUE,TRUE,TRUE,TRUE,TRUE,TRUE,1,TRUE,4,TRUE
tri03313,10.1016/s2213-8587(21)00180-7,34302745,2021-07-21,NCT04350593,ClinicalTrials.gov,TRUE,TRUE,TRUE,TRUE,TRUE,TRUE,TRUE,TRUE,1,TRUE,4,TRUE
tri01004,10.1016/j.intimp.2021.107969,34273635,2021-07-10,NCT04350684,ClinicalTrials.gov,TRUE,TRUE,TRUE,TRUE,TRUE,TRUE,TRUE,TRUE,1,TRUE,4,TRUE
tri01006,10.1007/s00705-021-04956-9,33492523,2021-01-25,NCT04351295,ClinicalTrials.gov,TRUE,TRUE,TRUE,TRUE,TRUE,TRUE,TRUE,TRUE,1,TRUE,4,TRUE
tri01501,10.3389/fmed.2020.598379,33304914,2020-11-12,NCT04351906,ClinicalTrials.gov,TRUE,TRUE,TRUE,TRUE,TRUE,TRUE,TRUE,TRUE,1,TRUE,4,TRUE
tri01125,10.1016/s1473-3099(20)30843-4,33217362,2020-11-17,NCT04352608,ClinicalTrials.gov,TRUE,TRUE,TRUE,TRUE,TRUE,TRUE,TRUE,TRUE,1,TRUE,4,TRUE
tri01896,10.1186/s12879-021-06451-7,34579646,2021-09-27,NCT04352751,ClinicalTrials.gov,TRUE,TRUE,TRUE,TRUE,TRUE,TRUE,TRUE,TRUE,1,TRUE,4,TRUE
tri03051,10.1016/s2213-2600(21)00214-9,34126053,2021-06-11,NCT04353596,ClinicalTrials.gov,TRUE,TRUE,TRUE,TRUE,TRUE,TRUE,TRUE,TRUE,1,TRUE,4,TRUE
tri01899,10.1016/s2213-2600(20)30566-x,33556319,2021-02-05,NCT04354259,ClinicalTrials.gov,TRUE,TRUE,TRUE,TRUE,TRUE,TRUE,TRUE,TRUE,1,TRUE,4,TRUE
tri00985,10.1016/s2213-2600(21)00356-8,34425070,2021-08-20,NCT04358939,ClinicalTrials.gov,TRUE,TRUE,TRUE,TRUE,TRUE,TRUE,TRUE,TRUE,1,TRUE,4,FALSE
tri01301,10.1172/jci150646,33974559,2021-05-11,NCT04359810,ClinicalTrials.gov,TRUE,TRUE,TRUE,TRUE,TRUE,TRUE,TRUE,TRUE,1,TRUE,4,TRUE
tri03343,10.1177/17407745211011577,34011199,2021-05-20,NCT04363203,ClinicalTrials.gov,TRUE,TRUE,TRUE,TRUE,TRUE,TRUE,TRUE,TRUE,1,TRUE,4,TRUE
tri01224,10.1016/j.eclinm.2021.101188,34778734,2021-11-05,NCT04364022,ClinicalTrials.gov,TRUE,TRUE,TRUE,TRUE,TRUE,TRUE,TRUE,TRUE,1,TRUE,4,TRUE
tri03357,10.2196/23446,33819166,2021-04-28,NCT04368923,ClinicalTrials.gov,TRUE,TRUE,TRUE,TRUE,TRUE,TRUE,TRUE,TRUE,1,TRUE,4,TRUE
tri01442,10.24875/ric.21000028,34019535,2021-03-08,NCT04370288,ClinicalTrials.gov,TRUE,TRUE,TRUE,TRUE,TRUE,TRUE,TRUE,TRUE,1,TRUE,4,TRUE
tri03366,10.1056/nejmoa2030340,33332779,2020-12-17,NCT04372186,ClinicalTrials.gov,TRUE,TRUE,TRUE,TRUE,TRUE,TRUE,TRUE,TRUE,1,TRUE,4,TRUE
tri02264,10.1016/j.eclinm.2021.100959,34189446,2021-06-18,NCT04381884,ClinicalTrials.gov,TRUE,TRUE,TRUE,TRUE,TRUE,TRUE,TRUE,TRUE,1,TRUE,4,TRUE
tri02964,10.1016/s2213-2600(21)00263-0,34252378,2021-07-09,NCT04381962,ClinicalTrials.gov,TRUE,TRUE,TRUE,TRUE,TRUE,TRUE,TRUE,TRUE,1,TRUE,4,TRUE
tri03071,10.1007/s40121-021-00527-2,34460083,2021-08-30,NCT04382768,ClinicalTrials.gov,TRUE,TRUE,TRUE,TRUE,TRUE,TRUE,TRUE,TRUE,1,TRUE,4,TRUE
tri01861,10.1016/s1473-3099(20)30987-7,33548194,2021-02-03,NCT04383574,ClinicalTrials.gov,TRUE,TRUE,TRUE,TRUE,TRUE,TRUE,TRUE,TRUE,1,TRUE,4,TRUE
tri03074,10.2147/jir.s318758,34335043,2021-07-24,NCT04386694,ClinicalTrials.gov,TRUE,TRUE,TRUE,TRUE,TRUE,TRUE,TRUE,TRUE,1,TRUE,4,TRUE
tri02136,10.1016/j.eclinm.2020.100720,33495752,2021-01-19,NCT04390022,ClinicalTrials.gov,TRUE,TRUE,TRUE,TRUE,TRUE,TRUE,TRUE,TRUE,1,TRUE,4,TRUE
tri00985,10.1016/s2213-2600(21)00356-8,34425070,2021-08-20,NCT04391140,ClinicalTrials.gov,TRUE,TRUE,TRUE,TRUE,TRUE,TRUE,TRUE,TRUE,1,TRUE,4,FALSE
tri03406,10.1016/s0140-6736(21)01203-4,34097856,2021-06-04,NCT04394377,ClinicalTrials.gov,TRUE,TRUE,TRUE,TRUE,TRUE,TRUE,TRUE,TRUE,1,TRUE,4,TRUE
tri00985,10.1016/s2213-2600(21)00356-8,34425070,2021-08-20,NCT04395144,ClinicalTrials.gov,TRUE,TRUE,TRUE,TRUE,TRUE,TRUE,TRUE,TRUE,1,TRUE,4,FALSE
tri02275,10.1007/s40121-021-00505-8,34363189,2021-08-06,NCT04398004,ClinicalTrials.gov,TRUE,TRUE,TRUE,TRUE,TRUE,TRUE,TRUE,TRUE,1,TRUE,4,TRUE
tri02297,10.1016/j.ctim.2021.102769,34407441,2021-08-15,NCT04401202,ClinicalTrials.gov,TRUE,TRUE,TRUE,TRUE,TRUE,TRUE,TRUE,TRUE,1,TRUE,4,TRUE
tri02386,10.1155/2022/4693121,35103059,2022-01-29,NCT04405999,ClinicalTrials.gov,TRUE,TRUE,TRUE,TRUE,TRUE,TRUE,TRUE,TRUE,1,TRUE,4,TRUE
tri02499,10.1016/j.eclinm.2021.100931,34104878,2021-06-03,NCT04407208,ClinicalTrials.gov,TRUE,TRUE,TRUE,TRUE,TRUE,TRUE,TRUE,TRUE,1,TRUE,4,TRUE
tri02619,10.1093/cid/ciaa1703,33165503,2020-11-09,NCT04412538,ClinicalTrials.gov,TRUE,TRUE,TRUE,TRUE,TRUE,TRUE,TRUE,TRUE,1,TRUE,4,TRUE
tri02982,10.1016/s2213-2600(21)00160-0,33844996,2021-04-09,NCT04416399,ClinicalTrials.gov,TRUE,TRUE,TRUE,TRUE,TRUE,TRUE,TRUE,TRUE,1,TRUE,4,TRUE
tri03451,10.1038/s41598-021-88509-9,33907251,2021-04-27,NCT04420247,ClinicalTrials.gov,TRUE,TRUE,TRUE,TRUE,TRUE,TRUE,TRUE,TRUE,1,TRUE,4,TRUE
tri03455,10.1016/s2213-2600(21)00331-3,34480861,2021-09-01,NCT04421027,ClinicalTrials.gov,TRUE,TRUE,TRUE,TRUE,TRUE,TRUE,TRUE,TRUE,1,TRUE,4,TRUE
tri03455,10.1016/s2213-2600(22)00006-6,35123660,2022-02-03,NCT04421027,ClinicalTrials.gov,TRUE,TRUE,TRUE,TRUE,TRUE,TRUE,TRUE,TRUE,2,FALSE,4,TRUE
tri03261,10.1016/j.toxrep.2021.03.003,33723507,2021-03-09,NCT04431466,ClinicalTrials.gov,TRUE,TRUE,TRUE,TRUE,TRUE,TRUE,TRUE,TRUE,1,TRUE,4,TRUE
tri03499,10.1172/jci152264,34464358,2021-08-31,NCT04433910,ClinicalTrials.gov,TRUE,TRUE,TRUE,TRUE,TRUE,TRUE,TRUE,TRUE,1,TRUE,4,TRUE
tri03270,10.1093/infdis/jiaa505,32779705,2020-10-13,NCT04434131,ClinicalTrials.gov,TRUE,TRUE,TRUE,TRUE,TRUE,TRUE,TRUE,TRUE,1,TRUE,4,TRUE
tri03525,10.1016/s0140-6736(20)31866-3,32896291,2020-09-04,NCT04436471,ClinicalTrials.gov,TRUE,TRUE,TRUE,TRUE,TRUE,TRUE,TRUE,TRUE,1,TRUE,4,TRUE
tri03533,10.1016/s0140-6736(20)31866-3,32896291,2020-09-04,NCT04437875,ClinicalTrials.gov,TRUE,TRUE,TRUE,TRUE,TRUE,TRUE,TRUE,TRUE,1,TRUE,4,TRUE
tri03639,10.3389/fmed.2021.668698,34350193,2021-07-19,NCT04446429,ClinicalTrials.gov,TRUE,TRUE,TRUE,TRUE,TRUE,TRUE,TRUE,TRUE,1,TRUE,4,TRUE
tri03647,10.1007/s12011-020-02512-1,33247380,2020-11-27,NCT04447534,ClinicalTrials.gov,TRUE,TRUE,TRUE,TRUE,TRUE,TRUE,TRUE,TRUE,1,TRUE,4,TRUE
tri05447,10.1038/s41591-021-01370-1,34007070,2021-05-18,NCT04450004,ClinicalTrials.gov,TRUE,TRUE,TRUE,TRUE,TRUE,TRUE,TRUE,TRUE,1,TRUE,4,TRUE
tri05660,10.1016/s1473-3099(21)00070-0,33705727,2021-03-08,NCT04471519,ClinicalTrials.gov,TRUE,TRUE,TRUE,TRUE,TRUE,TRUE,TRUE,TRUE,1,TRUE,4,TRUE
tri00985,10.1016/s2213-2600(21)00356-8,34425070,2021-08-20,NCT04477655,ClinicalTrials.gov,TRUE,TRUE,TRUE,TRUE,TRUE,TRUE,TRUE,TRUE,1,TRUE,4,FALSE
tri05743,10.1056/nejmoa2033700,33406353,2021-01-06,NCT04479163,ClinicalTrials.gov,TRUE,TRUE,TRUE,TRUE,TRUE,TRUE,TRUE,TRUE,1,TRUE,4,TRUE
tri06086,10.1016/j.eclinm.2021.100926,34109306,2021-06-04,NCT04521309,ClinicalTrials.gov,TRUE,TRUE,TRUE,TRUE,TRUE,TRUE,TRUE,TRUE,1,TRUE,4,TRUE
tri06088,10.1016/j.intimp.2021.107916,34224994,2021-06-29,NCT04521400,ClinicalTrials.gov,TRUE,TRUE,TRUE,TRUE,TRUE,TRUE,TRUE,TRUE,1,TRUE,4,TRUE
tri06103,10.1177/03000605211013550,33983065,2021-05-13,NCT04523831,ClinicalTrials.gov,TRUE,TRUE,TRUE,TRUE,TRUE,TRUE,TRUE,TRUE,1,TRUE,4,TRUE
tri06156,10.1186/s12879-021-06348-5,34215210,2021-07-02,NCT04529525,ClinicalTrials.gov,TRUE,TRUE,TRUE,TRUE,TRUE,TRUE,TRUE,TRUE,1,TRUE,4,TRUE
tri06157,10.1016/j.eclinm.2021.101078,34414368,2021-08-14,NCT04530357,ClinicalTrials.gov,TRUE,TRUE,TRUE,TRUE,TRUE,TRUE,TRUE,TRUE,1,TRUE,4,TRUE
tri06162,10.1136/bmj-2021-066952,34819329,2021-11-24,NCT04530435,ClinicalTrials.gov,TRUE,TRUE,TRUE,TRUE,TRUE,TRUE,TRUE,TRUE,1,TRUE,4,TRUE
tri06191,10.1016/s2352-3018(22)00041-8,35489376,2022-04-27,NCT04533399,ClinicalTrials.gov,TRUE,TRUE,TRUE,TRUE,TRUE,TRUE,TRUE,TRUE,1,TRUE,4,TRUE
tri07004,10.1016/s1473-3099(21)00396-0,34324836,2021-07-26,NCT04552366,ClinicalTrials.gov,TRUE,TRUE,TRUE,TRUE,TRUE,TRUE,TRUE,TRUE,1,TRUE,4,TRUE
tri06446,10.1016/j.mayocpiqo.2021.01.010,33585799,2021-02-08,NCT04569188,ClinicalTrials.gov,TRUE,TRUE,TRUE,TRUE,TRUE,TRUE,TRUE,TRUE,1,TRUE,4,TRUE
tri06465,10.1007/s12325-021-01830-7,34173969,2021-06-26,NCT04572399,ClinicalTrials.gov,TRUE,TRUE,TRUE,FALSE,TRUE,TRUE,TRUE,TRUE,1,TRUE,4,TRUE
tri06497,10.1016/j.eclinm.2021.101086,34405140,2021-08-12,NCT04578210,ClinicalTrials.gov,TRUE,TRUE,TRUE,TRUE,TRUE,TRUE,TRUE,TRUE,1,TRUE,4,TRUE
tri06681,10.1055/a-1667-7534,34638151,2021-10-12,NCT04604327,ClinicalTrials.gov,TRUE,TRUE,TRUE,TRUE,TRUE,TRUE,TRUE,TRUE,1,TRUE,4,TRUE
tri07669,10.1016/s1473-3099(21)00268-1,34051886,2021-05-27,NCT04668625,ClinicalTrials.gov,TRUE,TRUE,TRUE,TRUE,TRUE,TRUE,TRUE,TRUE,1,TRUE,4,TRUE
tri07385,10.1016/j.amsu.2021.102574,34306677,2021-07-16,NCT04706416,ClinicalTrials.gov,TRUE,TRUE,TRUE,TRUE,TRUE,TRUE,TRUE,TRUE,1,TRUE,4,TRUE
tri07656,10.1016/j.amsu.2021.02.011,33585031,2021-02-08,NCT04730323,ClinicalTrials.gov,TRUE,TRUE,TRUE,TRUE,TRUE,TRUE,TRUE,TRUE,1,TRUE,4,TRUE
tri09471,10.1097/md.0000000000027444,34622862,2021-10-08,NCT04895267,ClinicalTrials.gov,TRUE,TRUE,TRUE,TRUE,TRUE,TRUE,TRUE,TRUE,1,TRUE,4,TRUE
tri01742,10.1136/bmj.m3939,33093056,2020-10-22,CTRI/2020/04/024775,CTRI,FALSE,FALSE,FALSE,FALSE,TRUE,TRUE,TRUE,TRUE,1,TRUE,3,TRUE
tri00732,10.3785/j.issn.1008-9292.2020.03.03,32391667,2020-05-25,NCT04261517,ClinicalTrials.gov,TRUE,TRUE,TRUE,TRUE,TRUE,TRUE,FALSE,TRUE,1,TRUE,3,TRUE
tri01483,10.1056/nejmoa2007764,32445440,2020-10-08,NCT04280705,ClinicalTrials.gov,TRUE,TRUE,TRUE,TRUE,TRUE,TRUE,FALSE,TRUE,1,TRUE,3,TRUE
tri02445,10.1001/jama.2020.16349,32821939,2020-08-21,NCT04292730,ClinicalTrials.gov,TRUE,TRUE,TRUE,FALSE,TRUE,TRUE,FALSE,TRUE,1,TRUE,3,TRUE
tri03276,10.1056/nejmoa2021801,33289973,2020-11-24,NCT04304053,ClinicalTrials.gov,TRUE,TRUE,TRUE,TRUE,TRUE,TRUE,FALSE,TRUE,2,FALSE,3,TRUE
tri03277,10.1056/nejmoa2016638,32492293,2020-06-03,NCT04308668,ClinicalTrials.gov,TRUE,TRUE,TRUE,FALSE,TRUE,TRUE,FALSE,TRUE,1,TRUE,3,TRUE
tri00740,10.1186/s12967-020-02573-9,33087150,2020-10-21,NCT04317092,ClinicalTrials.gov,TRUE,TRUE,TRUE,TRUE,TRUE,TRUE,FALSE,TRUE,1,TRUE,3,TRUE
tri05344,10.1186/s13104-021-05443-9,33482902,2021-01-22,NCT04319731,ClinicalTrials.gov,TRUE,TRUE,TRUE,TRUE,TRUE,TRUE,FALSE,TRUE,1,TRUE,3,TRUE
tri01277,10.1016/j.eclinm.2021.100849,33903855,2021-04-22,NCT04321096,ClinicalTrials.gov,TRUE,TRUE,TRUE,TRUE,TRUE,TRUE,FALSE,TRUE,1,TRUE,3,TRUE
tri02448,10.1056/nejmoa2019014,32706953,2020-07-23,NCT04322123,ClinicalTrials.gov,TRUE,TRUE,TRUE,TRUE,TRUE,TRUE,FALSE,TRUE,1,TRUE,3,TRUE
tri07276,10.1001/jamanetworkopen.2020.8857,32330277,2020-04-24,NCT04323527,ClinicalTrials.gov,TRUE,TRUE,TRUE,TRUE,TRUE,TRUE,FALSE,TRUE,1,TRUE,3,TRUE
tri02017,10.1016/j.cmi.2021.03.005,33813110,2021-03-31,NCT04325893,ClinicalTrials.gov,TRUE,TRUE,TRUE,TRUE,TRUE,TRUE,FALSE,TRUE,1,TRUE,3,TRUE
tri01485,10.1001/jamanetworkopen.2020.13136,32579195,2020-06-01,NCT04326790,ClinicalTrials.gov,TRUE,TRUE,TRUE,TRUE,TRUE,TRUE,FALSE,TRUE,1,TRUE,3,TRUE
tri02559,10.1001/jama.2020.17021,32876695,2020-09-02,NCT04327401,ClinicalTrials.gov,TRUE,TRUE,TRUE,TRUE,TRUE,TRUE,FALSE,TRUE,1,TRUE,3,TRUE
tri03291,10.9778/cmajo.20210069,34145052,2021-06-18,NCT04329611,ClinicalTrials.gov,TRUE,TRUE,TRUE,TRUE,TRUE,TRUE,FALSE,TRUE,1,TRUE,3,TRUE
tri02451,10.1513/annalsats.202008-940oc,33166179,2020-11-09,NCT04329832,ClinicalTrials.gov,TRUE,TRUE,TRUE,TRUE,TRUE,TRUE,FALSE,TRUE,1,TRUE,3,TRUE
tri01280,10.1001/jamainternmed.2020.6319,33001138,2020-09-30,NCT04329923,ClinicalTrials.gov,TRUE,TRUE,TRUE,FALSE,TRUE,TRUE,FALSE,TRUE,1,TRUE,3,TRUE
tri03294,10.1001/jama.2020.22240,33165621,2020-11-09,NCT04332991,ClinicalTrials.gov,TRUE,TRUE,TRUE,TRUE,TRUE,TRUE,FALSE,TRUE,1,TRUE,3,TRUE
tri01888,10.3389/fphys.2021.704599,34408665,2021-08-02,NCT04341415,ClinicalTrials.gov,TRUE,TRUE,TRUE,TRUE,TRUE,TRUE,FALSE,TRUE,1,TRUE,3,TRUE
tri02099,10.1001/jama.2020.22760,33180097,2020-11-12,NCT04342663,ClinicalTrials.gov,TRUE,TRUE,TRUE,TRUE,TRUE,TRUE,FALSE,TRUE,1,TRUE,3,TRUE
tri01889,10.1001/jamanetworkopen.2021.0369,33576820,2021-02-01,NCT04342728,ClinicalTrials.gov,TRUE,TRUE,TRUE,TRUE,TRUE,TRUE,FALSE,TRUE,1,TRUE,3,TRUE
tri00950,10.1097/ccm.0000000000005066,33870923,2021-07-01,NCT04344535,ClinicalTrials.gov,TRUE,TRUE,TRUE,TRUE,TRUE,FALSE,TRUE,TRUE,1,TRUE,3,TRUE
tri00962,10.1172/jci152740,34473652,2021-09-02,NCT04345523,ClinicalTrials.gov,TRUE,TRUE,TRUE,TRUE,TRUE,TRUE,FALSE,TRUE,1,TRUE,3,TRUE
tri03309,10.1001/jamainternmed.2020.6615,33080005,2020-10-20,NCT04346355,ClinicalTrials.gov,TRUE,TRUE,TRUE,TRUE,TRUE,TRUE,FALSE,TRUE,1,TRUE,3,TRUE
tri02944,10.1038/s41591-021-01488-2,34504336,2021-09-09,NCT04348656,ClinicalTrials.gov,TRUE,TRUE,TRUE,TRUE,TRUE,TRUE,FALSE,TRUE,1,TRUE,3,TRUE
tri03325,10.1056/nejmoa2103784,34407339,2021-08-18,NCT04355767,ClinicalTrials.gov,TRUE,TRUE,TRUE,FALSE,TRUE,TRUE,FALSE,TRUE,1,TRUE,3,TRUE
tri02577,10.1016/j.eclinm.2021.100962,34189447,2021-06-18,NCT04355936,ClinicalTrials.gov,TRUE,TRUE,TRUE,TRUE,TRUE,TRUE,FALSE,TRUE,1,TRUE,3,TRUE
tri03326,10.1038/s41598-021-89444-5,33976287,2021-05-11,NCT04356534,ClinicalTrials.gov,TRUE,TRUE,TRUE,TRUE,TRUE,TRUE,FALSE,TRUE,1,TRUE,3,TRUE
tri03327,10.1056/nejmoa2028836,33085857,2020-10-21,NCT04356937,ClinicalTrials.gov,TRUE,TRUE,TRUE,TRUE,TRUE,TRUE,FALSE,TRUE,1,TRUE,3,TRUE
tri01170,10.1038/s41375-021-01374-3,34385593,2021-08-12,NCT04359290,ClinicalTrials.gov,TRUE,TRUE,TRUE,TRUE,TRUE,TRUE,FALSE,TRUE,1,TRUE,3,TRUE
tri03057,10.1001/jama.2021.9508,34283183,2021-07-20,NCT04362813,ClinicalTrials.gov,TRUE,TRUE,TRUE,TRUE,TRUE,TRUE,FALSE,TRUE,1,TRUE,3,TRUE
tri03349,10.1001/jama.2020.25864,33464336,2021-01-19,NCT04364893,ClinicalTrials.gov,TRUE,TRUE,TRUE,TRUE,TRUE,TRUE,FALSE,TRUE,1,TRUE,3,TRUE
tri01227,10.1016/j.chest.2021.02.024,33621601,2021-02-20,NCT04365127,ClinicalTrials.gov,TRUE,TRUE,TRUE,TRUE,TRUE,TRUE,FALSE,TRUE,1,TRUE,3,TRUE
tri02586,10.1056/nejmoa2103417,34351722,2021-08-04,NCT04372589,ClinicalTrials.gov,TRUE,TRUE,TRUE,TRUE,TRUE,TRUE,FALSE,TRUE,1,TRUE,3,TRUE
tri02586,10.1056/nejmoa2105911,34351721,2021-08-04,NCT04372589,ClinicalTrials.gov,TRUE,TRUE,TRUE,TRUE,TRUE,TRUE,FALSE,TRUE,2,FALSE,3,TRUE
tri03065,10.1371/journal.pmed.1003415,33657114,2021-03-03,NCT04375098,ClinicalTrials.gov,TRUE,TRUE,TRUE,TRUE,TRUE,TRUE,FALSE,TRUE,1,TRUE,3,TRUE
tri03213,10.1056/nejmoa2031304,33232588,2021-02-18,NCT04383535,ClinicalTrials.gov,TRUE,TRUE,TRUE,TRUE,TRUE,TRUE,FALSE,TRUE,1,TRUE,3,TRUE
tri03402,10.1007/s40121-021-00496-6,34319552,2021-07-28,NCT04392973,ClinicalTrials.gov,TRUE,TRUE,TRUE,TRUE,TRUE,TRUE,FALSE,TRUE,1,TRUE,3,TRUE
tri03223,10.1007/s00011-021-01507-5,34586459,2021-09-29,NCT04397562,ClinicalTrials.gov,TRUE,TRUE,TRUE,FALSE,TRUE,TRUE,FALSE,TRUE,1,TRUE,3,TRUE
tri03086,10.1016/s2665-9913(21)00070-9,33754144,2021-03-17,NCT04399980,ClinicalTrials.gov,TRUE,TRUE,TRUE,TRUE,TRUE,TRUE,FALSE,TRUE,1,TRUE,3,TRUE
tri02970,10.1001/jamainternmed.2021.6203,34617959,2021-10-07,NCT04401293,ClinicalTrials.gov,TRUE,TRUE,TRUE,TRUE,TRUE,TRUE,FALSE,TRUE,1,TRUE,3,TRUE
tri03418,10.1056/nejmoa2031994,33306283,2020-12-11,NCT04401579,ClinicalTrials.gov,TRUE,TRUE,TRUE,TRUE,TRUE,TRUE,FALSE,TRUE,1,TRUE,3,TRUE
tri02973,10.1001/jamanetworkopen.2021.6468,33885775,2021-04-22,NCT04403100,ClinicalTrials.gov,TRUE,TRUE,TRUE,TRUE,TRUE,TRUE,FALSE,TRUE,1,TRUE,3,TRUE
tri02374,10.1136/bmj.n84,33472855,2020-01-20,NCT04403685,ClinicalTrials.gov,TRUE,TRUE,TRUE,TRUE,TRUE,TRUE,FALSE,TRUE,1,TRUE,3,TRUE
tri02384,10.1001/jama.2021.3071,33662102,2021-03-04,NCT04405843,ClinicalTrials.gov,TRUE,TRUE,TRUE,TRUE,TRUE,TRUE,FALSE,TRUE,1,TRUE,3,TRUE
tri03470,10.1056/nejmoa2102685,34260849,2021-07-14,NCT04427501,ClinicalTrials.gov,TRUE,TRUE,TRUE,TRUE,TRUE,TRUE,FALSE,TRUE,1,TRUE,3,TRUE
tri05442,10.1001/jama.2020.26848,33595634,2021-02-17,NCT04449718,ClinicalTrials.gov,TRUE,TRUE,TRUE,TRUE,TRUE,TRUE,FALSE,TRUE,1,TRUE,3,TRUE
tri07286,10.1056/nejmoa2109682,34347950,2021-08-04,NCT04452318,ClinicalTrials.gov,TRUE,TRUE,TRUE,TRUE,TRUE,TRUE,FALSE,TRUE,1,TRUE,3,TRUE
tri07286,10.1001/jama.2021.24939,35029629,2022-01-14,NCT04452318,ClinicalTrials.gov,TRUE,TRUE,TRUE,TRUE,TRUE,TRUE,FALSE,TRUE,2,FALSE,3,TRUE
tri05535,10.1136/postgradmedj-2020-139065,33184146,2020-11-12,NCT04459247,ClinicalTrials.gov,TRUE,TRUE,TRUE,TRUE,TRUE,TRUE,FALSE,TRUE,1,TRUE,3,TRUE
tri03086,10.1016/s2665-9913(21)00070-9,33754144,2021-03-17,NCT04463004,ClinicalTrials.gov,TRUE,TRUE,TRUE,TRUE,TRUE,TRUE,FALSE,TRUE,1,TRUE,3,FALSE
tri05638,10.1056/nejmoa2101643,34133856,2021-06-16,NCT04469114,ClinicalTrials.gov,TRUE,TRUE,TRUE,TRUE,TRUE,TRUE,FALSE,TRUE,1,TRUE,3,TRUE
tri05649,10.1056/nejmoa2035389,33378609,2020-12-30,NCT04470427,ClinicalTrials.gov,TRUE,TRUE,TRUE,TRUE,TRUE,TRUE,FALSE,TRUE,1,TRUE,3,TRUE
tri05649,10.1056/nejmoa2113017,34551225,2021-09-22,NCT04470427,ClinicalTrials.gov,TRUE,TRUE,TRUE,TRUE,TRUE,TRUE,FALSE,TRUE,2,FALSE,3,TRUE
tri05811,10.1001/jama.2021.4152,33734299,2021-03-18,NCT04486508,ClinicalTrials.gov,TRUE,TRUE,TRUE,TRUE,TRUE,TRUE,FALSE,TRUE,1,TRUE,3,TRUE
tri03086,10.1016/s2665-9913(21)00070-9,33754144,2021-03-17,NCT04492514,ClinicalTrials.gov,TRUE,TRUE,TRUE,TRUE,TRUE,TRUE,FALSE,TRUE,1,TRUE,3,FALSE
tri05885,10.1016/j.eclinm.2021.100843,33870149,2021-04-11,NCT04494984,ClinicalTrials.gov,TRUE,TRUE,TRUE,TRUE,TRUE,TRUE,FALSE,TRUE,1,TRUE,3,TRUE
tri05918,10.1001/jama.2021.8828,34081073,2021-06-03,NCT04497987,ClinicalTrials.gov,TRUE,TRUE,TRUE,TRUE,TRUE,TRUE,FALSE,TRUE,1,TRUE,3,TRUE
tri07423,10.1001/jama.2021.18295,34673895,2021-10-21,NCT04509973,ClinicalTrials.gov,TRUE,TRUE,TRUE,TRUE,TRUE,TRUE,FALSE,TRUE,1,TRUE,3,TRUE
tri06087,10.2147/ijgm.s328486,34629893,2021-10-01,NCT04521322,ClinicalTrials.gov,TRUE,TRUE,TRUE,TRUE,TRUE,TRUE,FALSE,TRUE,1,TRUE,3,TRUE
tri06275,10.1136/bmjresp-2021-001017,34376401,2021-08-01,NCT04542941,ClinicalTrials.gov,TRUE,TRUE,TRUE,TRUE,TRUE,TRUE,FALSE,TRUE,1,TRUE,3,TRUE
tri07001,10.1001/jama.2022.2832,35285853,2022-03-14,NCT04545060,ClinicalTrials.gov,TRUE,TRUE,TRUE,FALSE,TRUE,TRUE,FALSE,TRUE,1,TRUE,3,TRUE
tri06522,10.1513/annalsats.202104-498rl,34491885,2021-09-07,NCT04581811,ClinicalTrials.gov,TRUE,TRUE,TRUE,TRUE,TRUE,FALSE,TRUE,TRUE,1,TRUE,3,TRUE
tri06641,10.1016/j.ijrobp.2021.02.054,33677049,2021-03-05,NCT04598581,ClinicalTrials.gov,TRUE,TRUE,TRUE,FALSE,TRUE,FALSE,TRUE,TRUE,1,TRUE,3,TRUE
tri06674,10.1016/j.adaj.2021.05.021,34561086,2021-06-11,NCT04603794,ClinicalTrials.gov,TRUE,TRUE,TRUE,TRUE,TRUE,TRUE,FALSE,TRUE,1,TRUE,3,TRUE
tri06788,10.1038/s41598-021-95900-z,34381155,2021-08-11,NCT04622891,ClinicalTrials.gov,TRUE,TRUE,TRUE,TRUE,TRUE,TRUE,FALSE,TRUE,1,TRUE,3,TRUE
tri07114,10.1007/s10840-021-00989-x,34037911,2021-05-26,NCT04652648,ClinicalTrials.gov,TRUE,TRUE,TRUE,TRUE,TRUE,TRUE,FALSE,TRUE,1,TRUE,3,TRUE
tri07212,10.1136/archdischild-2021-322216,34489350,2021-09-06,NCT04666233,ClinicalTrials.gov,TRUE,TRUE,TRUE,TRUE,TRUE,TRUE,FALSE,TRUE,1,TRUE,3,TRUE
tri07346,10.1111/jocn.16171,34897869,2021-12-12,NCT04696562,ClinicalTrials.gov,TRUE,TRUE,TRUE,TRUE,TRUE,TRUE,FALSE,FALSE,1,TRUE,3,TRUE
tri08147,10.2147/ijn.s313093,34163159,2021-06-15,NCT04716569,ClinicalTrials.gov,TRUE,TRUE,TRUE,TRUE,TRUE,TRUE,FALSE,TRUE,1,TRUE,3,TRUE
tri08872,10.1016/s0140-6736(21)01420-3,34181880,2021-06-25,NCT04860739,ClinicalTrials.gov,FALSE,FALSE,FALSE,FALSE,TRUE,TRUE,TRUE,TRUE,1,TRUE,3,TRUE
tri04509,10.1038/s41467-022-28064-7,35046397,2022-01-19,CTRI/2020/05/025209,CTRI,FALSE,FALSE,FALSE,FALSE,FALSE,TRUE,TRUE,TRUE,1,TRUE,2,TRUE
tri04525,10.1016/j.phymed.2021.153494,33596494,2021-02-04,CTRI/2020/05/025273,CTRI,FALSE,FALSE,FALSE,FALSE,FALSE,TRUE,TRUE,TRUE,1,TRUE,2,TRUE
tri04563,10.1016/s2213-2600(21)00081-3,33676589,2021-03-04,CTRI/2020/05/025369,CTRI,FALSE,FALSE,FALSE,FALSE,FALSE,TRUE,TRUE,TRUE,1,TRUE,2,TRUE
tri04638,10.1016/j.jaim.2020.12.013,33897204,2021-02-02,CTRI/2020/06/025800,CTRI,FALSE,FALSE,FALSE,FALSE,FALSE,TRUE,TRUE,TRUE,1,TRUE,2,TRUE
tri04829,10.4187/respcare.09130,34584010,2021-09-28,CTRI/2020/07/026835,CTRI,FALSE,FALSE,FALSE,FALSE,FALSE,TRUE,TRUE,TRUE,1,TRUE,2,TRUE
tri04902,10.1016/j.eclinm.2021.101218,34870133,2021-11-29,CTRI/2020/08/027170,CTRI,FALSE,FALSE,FALSE,FALSE,FALSE,TRUE,TRUE,TRUE,1,TRUE,2,TRUE
tri05017,10.4103/jpbs.jpbs_242_21,34349488,2021-05-26,CTRI/2020/09/027914,CTRI,FALSE,FALSE,FALSE,FALSE,FALSE,TRUE,TRUE,TRUE,1,TRUE,2,TRUE
tri00324,10.1056/nejmoa2001282,32187464,2020-03-18,ChiCTR2000029308,ChiCTR,FALSE,FALSE,FALSE,FALSE,TRUE,TRUE,FALSE,TRUE,1,TRUE,2,TRUE
tri00263,10.3389/fphar.2020.01071,32765274,2020-07-14,ChiCTR2000029387,ChiCTR,FALSE,FALSE,FALSE,FALSE,FALSE,TRUE,TRUE,TRUE,1,TRUE,2,TRUE
tri00105,10.3389/fmed.2020.00256,32574340,2020-05-27,ChiCTR2000029418,ChiCTR,FALSE,FALSE,FALSE,FALSE,FALSE,TRUE,TRUE,TRUE,1,TRUE,2,TRUE
tri00530,10.1016/j.ijid.2020.07.053,32758689,2020-08-02,ChiCTR2000029496,ChiCTR,FALSE,FALSE,FALSE,FALSE,FALSE,TRUE,TRUE,TRUE,1,TRUE,2,TRUE
tri00083,10.1016/j.ejps.2020.105631,33115675,2020-10-25,ChiCTR2000029544,ChiCTR,FALSE,FALSE,FALSE,FALSE,FALSE,TRUE,TRUE,TRUE,1,TRUE,2,TRUE
tri00049,10.3389/fmed.2021.696976,34604251,2021-09-16,ChiCTR2000029763,ChiCTR,FALSE,FALSE,FALSE,FALSE,FALSE,TRUE,TRUE,TRUE,1,TRUE,2,TRUE
tri00022,10.1002/advs.202001435,35403380,2020-08-13,ChiCTR2000029853,ChiCTR,FALSE,FALSE,FALSE,FALSE,FALSE,TRUE,TRUE,TRUE,1,TRUE,2,TRUE
tri00248,10.1097/jbr.0000000000000076,34254034,2020-12-03,ChiCTR2000030022,ChiCTR,FALSE,FALSE,FALSE,FALSE,FALSE,TRUE,TRUE,TRUE,1,TRUE,2,TRUE
tri01596,10.1016/j.eclinm.2020.100547,32984784,2020-09-20,ChiCTR2000030262,ChiCTR,FALSE,FALSE,FALSE,FALSE,FALSE,TRUE,TRUE,TRUE,1,TRUE,2,TRUE
tri00598,10.1016/j.phymed.2021.153671,34425471,2021-07-17,ChiCTR2000030288,ChiCTR,FALSE,FALSE,FALSE,FALSE,FALSE,TRUE,TRUE,TRUE,1,TRUE,2,TRUE
tri03883,10.1016/j.imr.2020.100489,32874913,2020-07-25,ChiCTR2000034795,ChiCTR,FALSE,FALSE,FALSE,FALSE,FALSE,TRUE,TRUE,TRUE,1,TRUE,2,TRUE
tri04047,10.1038/s41591-021-01330-9,33888900,2021-04-22,ChiCTR2000034825,ChiCTR,FALSE,FALSE,FALSE,FALSE,FALSE,TRUE,TRUE,TRUE,1,TRUE,2,TRUE
tri08138,10.1186/s40249-021-00924-2,34933684,2021-12-22,ChiCTR2100041705,ChiCTR,FALSE,FALSE,FALSE,FALSE,FALSE,TRUE,TRUE,TRUE,1,TRUE,2,TRUE
tri08138,10.1186/s40249-021-00924-2,34933684,2021-12-22,ChiCTR2100041706,ChiCTR,FALSE,FALSE,FALSE,FALSE,FALSE,TRUE,TRUE,TRUE,1,TRUE,2,FALSE
tri04272,10.1007/s00784-020-03549-1,32876748,2020-09-02,DRKS00022484,DRKS,FALSE,FALSE,FALSE,FALSE,FALSE,TRUE,TRUE,TRUE,1,TRUE,2,TRUE
tri02772,10.1093/jac/dkaa334,32812039,2020-08-19,IRCT20200128046294N2,IRCT,FALSE,FALSE,FALSE,FALSE,FALSE,TRUE,TRUE,TRUE,1,TRUE,2,TRUE
tri01614,10.1186/s12879-021-06045-3,33838657,2021-04-10,IRCT20200204046369N1,IRCT,FALSE,FALSE,FALSE,FALSE,FALSE,TRUE,TRUE,TRUE,1,TRUE,2,TRUE
tri01625,10.1093/jac/dkaa332,32812025,2020-08-19,IRCT20200328046886N1,IRCT,FALSE,FALSE,FALSE,FALSE,FALSE,TRUE,TRUE,TRUE,1,TRUE,2,TRUE
tri04057,10.1186/s12879-021-06241-1,34098889,2021-06-07,ISRCTN34160010,ISRCTN,FALSE,FALSE,FALSE,FALSE,FALSE,TRUE,TRUE,TRUE,1,TRUE,2,TRUE
tri01986,10.1016/s2213-2600(21)00460-4,34922649,2021-12-16,ISRCTN40580903,ISRCTN,FALSE,FALSE,FALSE,FALSE,FALSE,TRUE,TRUE,TRUE,1,TRUE,2,TRUE
tri03674,10.1186/s13054-021-03602-9,34127046,2021-06-14,ISRCTN54917435,ISRCTN,FALSE,FALSE,FALSE,FALSE,FALSE,TRUE,TRUE,TRUE,1,TRUE,2,TRUE
tri10295,10.1016/s0140-6736(21)01694-9,34370971,2021-08-06,ISRCTN69254139,ISRCTN,FALSE,FALSE,FALSE,FALSE,FALSE,TRUE,TRUE,TRUE,1,TRUE,2,TRUE
tri04045,10.1016/j.ijid.2020.11.149,33217576,2020-11-16,ISRCTN74727214,ISRCTN,FALSE,FALSE,FALSE,FALSE,FALSE,TRUE,TRUE,TRUE,1,TRUE,2,TRUE
tri04052,10.1007/s15010-020-01563-9,33315181,2020-12-14,ISRCTN95933274,ISRCTN,FALSE,FALSE,FALSE,FALSE,FALSE,TRUE,TRUE,TRUE,1,TRUE,2,TRUE
tri03198,10.4187/respcare.09308,34413210,2021-08-19,NCT04312243,ClinicalTrials.gov,FALSE,FALSE,FALSE,FALSE,FALSE,TRUE,TRUE,TRUE,1,TRUE,2,TRUE
tri01419,10.1097/cce.0000000000000263,33134951,2020-10-01,NCT04324489,ClinicalTrials.gov,FALSE,FALSE,FALSE,FALSE,FALSE,TRUE,TRUE,TRUE,1,TRUE,2,TRUE
tri03028,10.1002/cpt.2117,33210302,2020-11-18,NCT04331795,ClinicalTrials.gov,TRUE,TRUE,TRUE,FALSE,FALSE,FALSE,TRUE,TRUE,1,TRUE,2,TRUE
tri03312,10.1038/s41598-021-85227-0,33790308,2021-03-31,NCT04349241,ClinicalTrials.gov,FALSE,FALSE,FALSE,FALSE,FALSE,TRUE,TRUE,TRUE,1,TRUE,2,TRUE
tri02116,10.1002/clc.23451,32830894,2020-08-24,NCT04365153,ClinicalTrials.gov,FALSE,FALSE,FALSE,FALSE,FALSE,TRUE,TRUE,TRUE,1,TRUE,2,TRUE
tri01358,10.1016/j.phrs.2020.104950,32450344,2020-05-23,NCT04368377,ClinicalTrials.gov,FALSE,FALSE,FALSE,FALSE,FALSE,TRUE,TRUE,TRUE,1,TRUE,2,TRUE
tri01452,10.1001/jamaoto.2020.5490,33538761,2021-02-04,NCT04371965,ClinicalTrials.gov,TRUE,TRUE,TRUE,TRUE,TRUE,FALSE,FALSE,TRUE,1,TRUE,2,TRUE
tri05461,10.1016/j.eclinm.2021.101152,34723163,2021-10-23,NCT04452435,ClinicalTrials.gov,FALSE,FALSE,FALSE,FALSE,FALSE,TRUE,TRUE,TRUE,1,TRUE,2,TRUE
tri06061,10.1080/19490976.2021.2018899,35014600,2022-01-11,NCT04517422,ClinicalTrials.gov,FALSE,FALSE,FALSE,FALSE,FALSE,TRUE,TRUE,TRUE,1,TRUE,2,TRUE
tri06191,10.1016/s2352-3018(22)00041-8,35489376,2022-04-27,PACTR202009726132275,PACTR,FALSE,FALSE,FALSE,FALSE,FALSE,TRUE,TRUE,TRUE,1,TRUE,2,TRUE
tri02910,10.3892/etm.2021.10347,34306189,2021-01-29,RPCEC00000309,RPCEC,FALSE,FALSE,FALSE,FALSE,FALSE,TRUE,TRUE,TRUE,1,TRUE,2,TRUE
tri02914,10.1007/s12192-021-01197-2,33629254,2021-02-24,RPCEC00000313,RPCEC,FALSE,FALSE,FALSE,FALSE,FALSE,TRUE,TRUE,TRUE,1,TRUE,2,TRUE
tri00692,10.1002/jmv.26895,33629384,2021-02-25,ACTRN12620000454976,ANZCTR,FALSE,FALSE,FALSE,FALSE,FALSE,FALSE,TRUE,TRUE,1,TRUE,1,TRUE
tri05711,10.1080/14712598.2021.1905794,33835886,2021-04-09,CTRI/2020/05/024959,CTRI,FALSE,FALSE,FALSE,FALSE,FALSE,FALSE,TRUE,TRUE,1,TRUE,1,TRUE
tri01787,10.1016/j.ijid.2020.11.142,33212256,2020-11-16,CTRI/2020/05/025114,CTRI,FALSE,FALSE,FALSE,FALSE,FALSE,FALSE,TRUE,TRUE,1,TRUE,1,TRUE
tri04674,10.1016/j.ijid.2021.03.015,33713817,2021-03-10,CTRI/2020/06/026087,CTRI,FALSE,FALSE,FALSE,FALSE,FALSE,FALSE,TRUE,TRUE,1,TRUE,1,TRUE
tri04698,10.1093/infdis/jiab098,33585890,2021-02-15,CTRI/2020/06/026222,CTRI,FALSE,FALSE,FALSE,FALSE,FALSE,FALSE,TRUE,TRUE,1,TRUE,1,TRUE
tri04722,10.1016/j.intimp.2020.107301,33421928,2020-12-23,CTRI/2020/07/026354,CTRI,FALSE,FALSE,FALSE,FALSE,FALSE,FALSE,TRUE,TRUE,1,TRUE,1,TRUE
tri04760,NA,33891569,2021-10-01,CTRI/2020/07/026560,CTRI,FALSE,FALSE,FALSE,FALSE,FALSE,FALSE,TRUE,TRUE,1,TRUE,1,TRUE
tri04913,10.18433/jpps32105,34265236,2021-07-15,CTRI/2020/08/027225,CTRI,FALSE,FALSE,FALSE,FALSE,FALSE,FALSE,TRUE,TRUE,1,TRUE,1,TRUE
tri04931,10.1186/s13063-021-05478-0,34454572,2021-08-28,CTRI/2020/08/027286,CTRI,FALSE,FALSE,FALSE,FALSE,FALSE,FALSE,TRUE,TRUE,1,TRUE,1,TRUE
tri07423,10.1001/jama.2021.18295,34673895,2021-10-21,CTRI/2020/10/028731,CTRI,FALSE,FALSE,FALSE,FALSE,FALSE,TRUE,FALSE,TRUE,1,TRUE,1,TRUE
tri00107,10.3760/cma.j.cn121430-20210514-00714,34412743,2021-07-28,ChiCTR2000029381,ChiCTR,FALSE,FALSE,FALSE,FALSE,FALSE,FALSE,TRUE,TRUE,1,TRUE,1,TRUE
tri00106,10.1016/j.phymed.2020.153367,33260064,2020-10-08,ChiCTR2000029400,ChiCTR,FALSE,FALSE,FALSE,FALSE,FALSE,FALSE,TRUE,TRUE,1,TRUE,1,TRUE
tri00100,10.3760/cma.j.cn121430-20200528-00485,32912403,2020-08-01,ChiCTR2000029436,ChiCTR,FALSE,FALSE,FALSE,FALSE,FALSE,FALSE,TRUE,TRUE,1,TRUE,1,TRUE
tri00076,10.1016/j.eng.2020.03.007,32346491,2020-03-18,ChiCTR2000029600,ChiCTR,FALSE,FALSE,FALSE,FALSE,FALSE,FALSE,TRUE,TRUE,1,TRUE,1,TRUE
tri00075,10.1016/j.phrs.2020.105126,32781283,2020-08-08,ChiCTR2000029601,ChiCTR,FALSE,FALSE,FALSE,FALSE,FALSE,FALSE,TRUE,TRUE,1,TRUE,1,TRUE
tri01598,10.1007/s11684-021-0853-6,33909260,2021-04-28,ChiCTR2000029605,ChiCTR,FALSE,FALSE,FALSE,FALSE,FALSE,FALSE,TRUE,TRUE,1,TRUE,1,TRUE
tri00071,10.1093/nsr/nwaa113,34676087,2020-05-28,ChiCTR2000029609,ChiCTR,FALSE,FALSE,FALSE,FALSE,FALSE,FALSE,TRUE,TRUE,1,TRUE,1,TRUE
tri01597,10.1080/07853890.2021.1890329,33620016,2021-02-23,ChiCTR2000029638,ChiCTR,FALSE,FALSE,FALSE,FALSE,FALSE,FALSE,TRUE,TRUE,1,TRUE,1,TRUE
tri00319,10.1001/jama.2020.10044,32492084,2020-06-03,ChiCTR2000029757,ChiCTR,FALSE,FALSE,FALSE,FALSE,FALSE,TRUE,FALSE,TRUE,1,TRUE,1,TRUE
tri00047,10.1007/s11684-020-0824-3,33687643,2021-03-09,ChiCTR2000029765,ChiCTR,FALSE,FALSE,FALSE,FALSE,FALSE,FALSE,TRUE,TRUE,1,TRUE,1,TRUE
tri00043,10.1016/j.phymed.2021.153612,34126419,2020-05-28,ChiCTR2000029777,ChiCTR,FALSE,FALSE,FALSE,FALSE,FALSE,FALSE,TRUE,TRUE,1,TRUE,1,TRUE
tri00185,10.3389/fmed.2021.566609,35186959,2022-02-04,ChiCTR2000029851,ChiCTR,FALSE,FALSE,FALSE,FALSE,FALSE,FALSE,TRUE,TRUE,1,TRUE,1,TRUE
tri00526,10.1136/bmj.m1849,32409561,2020-05-14,ChiCTR2000029868,ChiCTR,FALSE,FALSE,FALSE,FALSE,FALSE,TRUE,FALSE,TRUE,1,TRUE,1,TRUE
tri00254,10.1007/s11427-020-1871-4,33471276,2021-04-01,ChiCTR2000029899,ChiCTR,FALSE,FALSE,FALSE,FALSE,FALSE,FALSE,TRUE,TRUE,1,TRUE,1,TRUE
tri00171,10.14336/ad.2020.0228,32257537,2020-03-13,ChiCTR2000029990,ChiCTR,FALSE,FALSE,FALSE,FALSE,FALSE,FALSE,TRUE,TRUE,1,TRUE,1,TRUE
tri00159,10.1001/jamainternmed.2020.5503,32910179,2020-09-10,ChiCTR2000030007,ChiCTR,FALSE,FALSE,FALSE,FALSE,FALSE,TRUE,FALSE,TRUE,1,TRUE,1,TRUE
tri00140,10.1073/pnas.2004168117,32253318,2020-04-06,ChiCTR2000030046,ChiCTR,FALSE,FALSE,FALSE,FALSE,FALSE,FALSE,TRUE,TRUE,1,TRUE,1,TRUE
tri00137,10.1093/cid/ciaa1417,32955081,2020-09-21,ChiCTR2000030058,ChiCTR,FALSE,FALSE,FALSE,FALSE,FALSE,FALSE,TRUE,TRUE,1,TRUE,1,TRUE
tri00220,10.14309/ctg.0000000000000314,33620880,2021-02-18,ChiCTR2000030317,ChiCTR,FALSE,FALSE,FALSE,FALSE,FALSE,FALSE,TRUE,TRUE,1,TRUE,1,TRUE
tri00267,10.1097/cm9.0000000000001614,34855641,2021-12-01,ChiCTR2000030333,ChiCTR,FALSE,FALSE,FALSE,FALSE,FALSE,FALSE,TRUE,TRUE,1,TRUE,1,TRUE
tri00399,10.1016/j.imr.2021.100782,34660195,2021-10-12,ChiCTR2000030759,ChiCTR,FALSE,FALSE,FALSE,FALSE,FALSE,TRUE,FALSE,TRUE,1,TRUE,1,TRUE
tri00738,10.1016/j.biopha.2020.110825,33378989,2020-09-30,ChiCTR2000030894,ChiCTR,FALSE,FALSE,FALSE,FALSE,FALSE,FALSE,TRUE,TRUE,1,TRUE,1,TRUE
tri00635,10.1186/s13287-020-01875-5,32811531,2020-08-18,ChiCTR2000031494,ChiCTR,FALSE,FALSE,FALSE,FALSE,FALSE,TRUE,FALSE,TRUE,1,TRUE,1,TRUE
tri00623,10.3389/fphar.2020.561674,33312125,2020-11-06,ChiCTR2000031630,ChiCTR,FALSE,FALSE,FALSE,FALSE,FALSE,FALSE,TRUE,TRUE,1,TRUE,1,TRUE
tri02205,10.1016/j.joim.2020.10.002,33069626,2020-10-03,ChiCTR2000033320,ChiCTR,FALSE,FALSE,FALSE,FALSE,FALSE,FALSE,TRUE,TRUE,1,TRUE,1,TRUE
tri02421,10.3390/v13060989,34073401,2021-05-26,ChiCTR2000033627,ChiCTR,FALSE,FALSE,FALSE,FALSE,FALSE,FALSE,TRUE,TRUE,1,TRUE,1,TRUE
tri01658,10.1016/j.intimp.2020.107239,33582019,2020-12-02,IRCT20200409047007N1,IRCT,FALSE,FALSE,FALSE,FALSE,FALSE,FALSE,TRUE,TRUE,1,TRUE,1,TRUE
tri01896,10.1186/s12879-021-06451-7,34579646,2021-09-27,IRCT20200414047072N1,IRCT,FALSE,FALSE,FALSE,FALSE,FALSE,TRUE,FALSE,TRUE,1,TRUE,1,TRUE
tri08418,10.1002/jmv.27264,34379337,2021-08-11,ISRCTN21085622,ISRCTN,FALSE,FALSE,FALSE,FALSE,FALSE,FALSE,TRUE,TRUE,1,TRUE,1,TRUE
tri03173,10.1016/j.ijantimicag.2021.106334,33838224,2021-04-07,ISRCTN21363594,ISRCTN,FALSE,FALSE,FALSE,FALSE,FALSE,FALSE,TRUE,TRUE,1,TRUE,1,TRUE
tri10000,10.1016/j.jebdp.2021.101584,34479668,2021-04-28,LBCTR2021034768,LBCTR,FALSE,FALSE,FALSE,FALSE,FALSE,FALSE,TRUE,TRUE,1,TRUE,1,TRUE
tri00892,10.1038/s41392-020-00286-5,32855385,2020-08-27,NCT04252118,ClinicalTrials.gov,FALSE,FALSE,FALSE,FALSE,FALSE,FALSE,TRUE,TRUE,1,TRUE,1,TRUE
tri00473,10.1186/s13613-020-00792-3,33420963,2021-01-09,NCT04264533,ClinicalTrials.gov,FALSE,FALSE,FALSE,FALSE,FALSE,FALSE,TRUE,TRUE,1,TRUE,1,TRUE
tri03274,10.1111/cpr.12947,33205469,2020-11-17,NCT04269525,ClinicalTrials.gov,FALSE,FALSE,FALSE,FALSE,FALSE,FALSE,TRUE,TRUE,1,TRUE,1,TRUE
tri01275,10.1111/cts.12881,32881359,2020-09-03,NCT04273763,ClinicalTrials.gov,FALSE,FALSE,FALSE,FALSE,FALSE,FALSE,TRUE,TRUE,1,TRUE,1,TRUE
tri00193,10.1038/s41392-021-00603-6,34001849,2021-05-17,NCT04275245,ClinicalTrials.gov,FALSE,FALSE,FALSE,FALSE,FALSE,FALSE,TRUE,TRUE,1,TRUE,1,TRUE
tri00267,10.1097/cm9.0000000000001614,34855641,2021-12-01,NCT04282902,ClinicalTrials.gov,FALSE,FALSE,FALSE,FALSE,FALSE,FALSE,TRUE,TRUE,1,TRUE,1,TRUE
tri00735,10.1097/md.0000000000023357,33235105,2020-11-25,NCT04291729,ClinicalTrials.gov,FALSE,FALSE,FALSE,FALSE,FALSE,FALSE,TRUE,TRUE,1,TRUE,1,TRUE
tri00328,10.1002/ptr.7141,33979464,2021-05-12,NCT04295551,ClinicalTrials.gov,FALSE,FALSE,FALSE,FALSE,FALSE,FALSE,TRUE,TRUE,1,TRUE,1,TRUE
tri03276,10.1093/cid/ciaa1009,32674126,2020-07-16,NCT04304053,ClinicalTrials.gov,FALSE,FALSE,FALSE,FALSE,FALSE,FALSE,TRUE,TRUE,1,TRUE,1,TRUE
tri02242,10.1016/j.niox.2021.08.003,34400339,2021-08-13,NCT04305457,ClinicalTrials.gov,FALSE,FALSE,FALSE,FALSE,FALSE,FALSE,TRUE,TRUE,1,TRUE,1,TRUE
tri00738,10.1016/j.biopha.2020.110825,33378989,2020-09-30,NCT04310228,ClinicalTrials.gov,FALSE,FALSE,FALSE,FALSE,FALSE,FALSE,TRUE,TRUE,1,TRUE,1,TRUE
tri00900,10.1371/journal.pone.0257238,34582477,2021-09-28,NCT04315896,ClinicalTrials.gov,FALSE,FALSE,FALSE,FALSE,FALSE,FALSE,TRUE,TRUE,1,TRUE,1,TRUE
tri00901,10.1371/journal.pone.0261980,35139097,2022-02-09,NCT04318015,ClinicalTrials.gov,FALSE,FALSE,FALSE,FALSE,FALSE,FALSE,TRUE,TRUE,1,TRUE,1,TRUE
tri00656,10.2174/1568026621666210429083050,33970846,2021-04-28,NCT04320238,ClinicalTrials.gov,FALSE,FALSE,FALSE,FALSE,FALSE,FALSE,TRUE,TRUE,1,TRUE,1,TRUE
tri02324,10.3324/haematol.2020.261784,33256382,2020-07-23,NCT04321421,ClinicalTrials.gov,FALSE,FALSE,FALSE,FALSE,FALSE,FALSE,TRUE,TRUE,1,TRUE,1,TRUE
tri02450,10.3390/antiox10050804,34069549,2021-05-19,NCT04323228,ClinicalTrials.gov,FALSE,FALSE,FALSE,FALSE,FALSE,FALSE,TRUE,TRUE,1,TRUE,1,TRUE
tri00908,10.1183/13993003.02523-2021,35115337,2022-02-03,NCT04324073,ClinicalTrials.gov,FALSE,FALSE,FALSE,FALSE,FALSE,FALSE,TRUE,TRUE,2,FALSE,1,TRUE
tri01097,10.1183/13993003.02523-2021,35115337,2022-02-03,NCT04331808,ClinicalTrials.gov,FALSE,FALSE,FALSE,FALSE,FALSE,FALSE,TRUE,TRUE,3,FALSE,1,TRUE
tri02562,10.22462/01.03.2020.1,32931666,2020-09-09,NCT04332081,ClinicalTrials.gov,FALSE,FALSE,FALSE,FALSE,FALSE,FALSE,TRUE,TRUE,1,TRUE,1,TRUE
tri01100,10.1016/j.intimp.2021.107702,33930706,2021-04-21,NCT04333589,ClinicalTrials.gov,FALSE,FALSE,FALSE,FALSE,FALSE,FALSE,TRUE,TRUE,1,TRUE,1,TRUE
tri01108,10.1159/000519090,34852352,2021-12-01,NCT04339712,ClinicalTrials.gov,FALSE,FALSE,FALSE,FALSE,FALSE,FALSE,TRUE,TRUE,1,TRUE,1,TRUE
tri01886,10.1111/joim.13185,33034095,2020-10-09,NCT04340050,ClinicalTrials.gov,FALSE,FALSE,FALSE,FALSE,FALSE,FALSE,TRUE,TRUE,1,TRUE,1,TRUE
tri00791,10.1038/s41418-021-00817-9,34230615,2021-07-06,NCT04341207,ClinicalTrials.gov,FALSE,FALSE,FALSE,FALSE,FALSE,FALSE,TRUE,TRUE,1,TRUE,1,TRUE
tri02025,10.1038/s41467-021-23469-2,34045486,2021-05-27,NCT04342182,ClinicalTrials.gov,FALSE,FALSE,FALSE,FALSE,FALSE,FALSE,TRUE,TRUE,1,TRUE,1,TRUE
tri01114,10.1007/s40121-021-00514-7,34817840,2021-11-24,NCT04345679,ClinicalTrials.gov,FALSE,FALSE,FALSE,FALSE,FALSE,FALSE,TRUE,TRUE,1,TRUE,1,TRUE
tri03045,10.1183/23120541.00059-2021,34031642,2021-04-12,NCT04347174,ClinicalTrials.gov,FALSE,FALSE,FALSE,FALSE,FALSE,FALSE,TRUE,TRUE,1,TRUE,1,TRUE
tri03311,10.1002/lary.29935,34724213,2021-11-01,NCT04347954,ClinicalTrials.gov,FALSE,FALSE,FALSE,FALSE,FALSE,FALSE,TRUE,TRUE,1,TRUE,1,TRUE
tri03337,10.1111/jth.15450,34236768,2021-07-18,NCT04360824,ClinicalTrials.gov,FALSE,FALSE,FALSE,FALSE,FALSE,FALSE,TRUE,TRUE,1,TRUE,1,TRUE
tri03358,10.1093/ofid/ofaa446,33134417,2020-09-23,NCT04369742,ClinicalTrials.gov,FALSE,FALSE,FALSE,FALSE,FALSE,FALSE,TRUE,TRUE,1,TRUE,1,TRUE
tri02038,10.1159/000515843,34580580,2021-08-20,NCT04372979,ClinicalTrials.gov,FALSE,FALSE,FALSE,FALSE,FALSE,FALSE,TRUE,TRUE,1,TRUE,1,TRUE
tri02961,10.1128/spectrum.02560-21,35196802,2022-02-23,NCT04374565,ClinicalTrials.gov,FALSE,FALSE,FALSE,FALSE,FALSE,FALSE,TRUE,TRUE,1,TRUE,1,TRUE
tri01919,10.21037/jtd-2020-057,32642277,2020-06-15,NCT04378712,ClinicalTrials.gov,FALSE,FALSE,FALSE,FALSE,FALSE,FALSE,TRUE,TRUE,1,TRUE,1,TRUE
tri01868,10.1371/journal.pone.0242763,33264337,2020-12-02,NCT04384380,ClinicalTrials.gov,FALSE,FALSE,FALSE,FALSE,FALSE,FALSE,TRUE,TRUE,1,TRUE,1,TRUE
tri02060,10.1016/j.ijrobp.2020.11.065,33278503,2020-12-02,NCT04390412,ClinicalTrials.gov,FALSE,FALSE,FALSE,FALSE,FALSE,FALSE,TRUE,TRUE,1,TRUE,1,TRUE
tri02067,10.2147/jir.s301625,33776469,2021-03-19,NCT04391712,ClinicalTrials.gov,FALSE,FALSE,FALSE,FALSE,FALSE,FALSE,TRUE,TRUE,1,TRUE,1,TRUE
tri02081,10.1177/09636897211024942,34180719,2021-06-28,NCT04392778,ClinicalTrials.gov,FALSE,FALSE,FALSE,FALSE,FALSE,FALSE,TRUE,TRUE,1,TRUE,1,TRUE
tri03423,10.1126/scitranslmed.abl7430,34941423,2022-01-19,NCT04405570,ClinicalTrials.gov,FALSE,FALSE,FALSE,FALSE,FALSE,FALSE,TRUE,TRUE,1,TRUE,1,TRUE
tri02513,10.1016/j.ijantimicag.2020.106224,33166694,2020-11-06,NCT04408456,ClinicalTrials.gov,FALSE,FALSE,FALSE,FALSE,FALSE,FALSE,TRUE,TRUE,1,TRUE,1,TRUE
tri02519,10.1016/j.arcmed.2021.06.006,34229896,2021-06-23,NCT04409522,ClinicalTrials.gov,FALSE,FALSE,FALSE,FALSE,FALSE,FALSE,TRUE,TRUE,1,TRUE,1,TRUE
tri02615,10.1097/cce.0000000000000280,33225306,2020-11-16,NCT04411667,ClinicalTrials.gov,FALSE,FALSE,FALSE,FALSE,FALSE,FALSE,TRUE,TRUE,1,TRUE,1,TRUE
tri03444,10.3389/fimmu.2022.873067,35865520,2022-07-05,NCT04414267,ClinicalTrials.gov,FALSE,FALSE,FALSE,FALSE,FALSE,FALSE,TRUE,TRUE,1,TRUE,1,TRUE
tri03099,10.1093/ofid/ofac232,35832268,2022-05-11,NCT04414618,ClinicalTrials.gov,FALSE,FALSE,FALSE,FALSE,FALSE,FALSE,TRUE,TRUE,1,TRUE,1,TRUE
tri02644,10.14336/ad.2020.1218,33815870,2020-04-01,NCT04416139,ClinicalTrials.gov,FALSE,FALSE,FALSE,FALSE,FALSE,FALSE,TRUE,TRUE,1,TRUE,1,TRUE
tri03235,10.1093/ofid/ofab385,34405093,2021-07-16,NCT04421404,ClinicalTrials.gov,FALSE,FALSE,FALSE,FALSE,FALSE,FALSE,TRUE,TRUE,1,TRUE,1,TRUE
tri05526,10.1002/sctm.21-0046,34102020,2021-06-08,NCT04457609,ClinicalTrials.gov,FALSE,FALSE,FALSE,FALSE,FALSE,FALSE,TRUE,TRUE,1,TRUE,1,TRUE
tri05703,10.3390/ijerph182010985,34682731,2021-10-19,NCT04475120,ClinicalTrials.gov,FALSE,FALSE,FALSE,FALSE,FALSE,FALSE,TRUE,TRUE,1,TRUE,1,TRUE
tri05739,10.1159/000515627,34126617,2021-06-14,NCT04478539,ClinicalTrials.gov,FALSE,FALSE,FALSE,FALSE,FALSE,FALSE,TRUE,TRUE,1,TRUE,1,TRUE
tri05764,10.1016/j.biopha.2021.111526,34311528,2021-03-20,NCT04480593,ClinicalTrials.gov,FALSE,FALSE,FALSE,FALSE,FALSE,FALSE,TRUE,TRUE,1,TRUE,1,TRUE
tri05855,10.7759/cureus.14186,33936897,2021-03-30,NCT04491994,ClinicalTrials.gov,FALSE,FALSE,FALSE,FALSE,FALSE,FALSE,TRUE,TRUE,1,TRUE,1,TRUE
tri04047,10.1038/s41591-021-01330-9,33888900,2021-04-22,NCT04523571,ClinicalTrials.gov,FALSE,FALSE,FALSE,FALSE,FALSE,FALSE,TRUE,TRUE,1,TRUE,1,TRUE
tri06236,10.1016/j.heliyon.2021.e07346,34189331,2021-06-18,NCT04537962,ClinicalTrials.gov,FALSE,FALSE,FALSE,FALSE,FALSE,FALSE,TRUE,TRUE,1,TRUE,1,TRUE
tri06305,10.1183/13993003.01471-2021,34244316,2021-08-12,NCT04547660,ClinicalTrials.gov,FALSE,FALSE,FALSE,FALSE,FALSE,FALSE,TRUE,TRUE,1,TRUE,1,TRUE
tri06316,10.1007/s12070-021-02616-7,34026595,2021-05-18,NCT04549376,ClinicalTrials.gov,FALSE,FALSE,FALSE,FALSE,FALSE,FALSE,TRUE,TRUE,1,TRUE,1,TRUE
tri06336,10.1183/13993003.03725-2020,33361100,2021-01-14,NCT04552483,ClinicalTrials.gov,FALSE,FALSE,FALSE,FALSE,FALSE,FALSE,TRUE,TRUE,1,TRUE,1,TRUE
tri06456,10.1016/j.csbj.2021.02.009,33680348,2021-02-27,NCT04570254,ClinicalTrials.gov,FALSE,FALSE,FALSE,FALSE,FALSE,FALSE,TRUE,TRUE,1,TRUE,1,TRUE
tri06468,10.1002/advs.202101222,34180141,2021-06-28,NCT04573153,ClinicalTrials.gov,FALSE,FALSE,FALSE,FALSE,FALSE,FALSE,TRUE,TRUE,1,TRUE,1,TRUE
tri06495,10.2147/ijgm.s318720,34135619,2021-06-08,NCT04578158,ClinicalTrials.gov,FALSE,FALSE,FALSE,FALSE,FALSE,FALSE,TRUE,TRUE,1,TRUE,1,TRUE
tri06519,10.1016/j.jbmt.2021.07.012,34776174,2021-08-04,NCT04581291,ClinicalTrials.gov,FALSE,FALSE,FALSE,FALSE,FALSE,FALSE,TRUE,TRUE,1,TRUE,1,TRUE
tri06932,10.1186/s12879-021-06104-9,33947344,2021-05-04,NCT04646109,ClinicalTrials.gov,FALSE,FALSE,FALSE,FALSE,FALSE,FALSE,TRUE,TRUE,1,TRUE,1,TRUE
tri07950,10.1097/mjt.0000000000001433,34491960,2021-08-16,NCT04701710,ClinicalTrials.gov,FALSE,FALSE,FALSE,FALSE,FALSE,FALSE,TRUE,TRUE,1,TRUE,1,TRUE
tri09601,10.1186/s13054-021-03738-8,34454546,2021-08-28,NCT04794400,ClinicalTrials.gov,FALSE,FALSE,FALSE,FALSE,FALSE,FALSE,TRUE,TRUE,1,TRUE,1,TRUE
tri06336,10.1183/13993003.03725-2020,33361100,2021-01-14,RBR-4nr86m,ReBec,FALSE,FALSE,FALSE,FALSE,FALSE,FALSE,TRUE,TRUE,1,TRUE,1,TRUE
tri02912,10.1002/cti2.1218,33304584,2020-11-25,RPCEC00000311,RPCEC,FALSE,FALSE,FALSE,FALSE,FALSE,FALSE,TRUE,TRUE,1,TRUE,1,TRUE
tri02918,10.1021/acsptsci.0c00175,33615173,2020-12-11,RPCEC00000317,RPCEC,FALSE,FALSE,FALSE,FALSE,FALSE,FALSE,TRUE,TRUE,1,TRUE,1,TRUE
tri03045,10.1183/23120541.00059-2021,34031642,2021-04-12,CTRI/2020/04/024846,CTRI,FALSE,FALSE,FALSE,FALSE,FALSE,FALSE,FALSE,TRUE,1,TRUE,0,TRUE
tri01790,10.1016/j.conctc.2021.100755,33728385,2021-03-11,CTRI/2020/05/025161,CTRI,FALSE,FALSE,FALSE,FALSE,FALSE,FALSE,FALSE,TRUE,1,TRUE,0,TRUE
tri04628,10.1016/j.jaim.2021.06.010,34188417,2021-06-25,CTRI/2020/06/025768,CTRI,FALSE,FALSE,FALSE,FALSE,FALSE,FALSE,FALSE,TRUE,1,TRUE,0,TRUE
tri05461,10.1016/j.eclinm.2021.101152,34723163,2021-10-23,CTRI/2020/06/026192,CTRI,FALSE,FALSE,FALSE,FALSE,FALSE,FALSE,FALSE,TRUE,1,TRUE,0,TRUE
tri05660,10.1016/s1473-3099(21)00070-0,33705727,2021-03-08,CTRI/2020/07/026300,CTRI,FALSE,FALSE,FALSE,FALSE,FALSE,FALSE,FALSE,TRUE,1,TRUE,0,TRUE
tri00829,10.1016/j.phymed.2020.153242,33867046,2020-05-16,ChiCTR2000029434,ChiCTR,FALSE,FALSE,FALSE,FALSE,FALSE,FALSE,FALSE,TRUE,1,TRUE,0,TRUE
tri00084,10.1093/jmcb/mjaa014,32236562,2020-04-01,ChiCTR2000029542,ChiCTR,FALSE,FALSE,FALSE,FALSE,FALSE,FALSE,FALSE,TRUE,1,TRUE,0,TRUE
tri00320,10.1016/j.jaci.2020.05.019,32470486,2020-05-26,ChiCTR2000029580,ChiCTR,FALSE,FALSE,FALSE,FALSE,FALSE,FALSE,FALSE,TRUE,1,TRUE,0,TRUE
tri00164,10.1016/j.eng.2020.08.011,32923016,2020-09-08,ChiCTR2000030001,ChiCTR,FALSE,FALSE,FALSE,FALSE,FALSE,FALSE,FALSE,TRUE,1,TRUE,0,TRUE
tri00521,10.3389/fphar.2021.683296,34539392,2021-09-02,ChiCTR2000030254,ChiCTR,FALSE,FALSE,FALSE,FALSE,FALSE,FALSE,FALSE,TRUE,1,TRUE,0,TRUE
tri00270,10.3760/cma.j.cn121430-20200810-00568,33463485,2020-11-28,ChiCTR2000030627,ChiCTR,FALSE,FALSE,FALSE,FALSE,FALSE,FALSE,FALSE,TRUE,1,TRUE,0,TRUE
tri02023,10.1016/s0140-6736(20)31605-6,32702299,2020-07-20,ChiCTR2000031781,ChiCTR,FALSE,FALSE,FALSE,FALSE,FALSE,FALSE,FALSE,TRUE,1,TRUE,0,TRUE
tri02006,10.1016/j.ijantimicag.2020.106216,33152450,2020-11-02,ChiCTR2000033049,ChiCTR,FALSE,FALSE,FALSE,FALSE,FALSE,FALSE,FALSE,TRUE,1,TRUE,0,TRUE
tri02198,10.3389/fphar.2021.581833,34276351,2021-07-02,ChiCTR2000033372,ChiCTR,FALSE,FALSE,FALSE,FALSE,FALSE,FALSE,FALSE,TRUE,1,TRUE,0,TRUE
tri02446,10.1056/nejmoa2015301,32459919,2020-05-27,EUCTR2020-000841-15,EudraCT,FALSE,FALSE,FALSE,FALSE,FALSE,FALSE,FALSE,TRUE,1,TRUE,0,TRUE
tri02445,10.1001/jama.2020.16349,32821939,2020-08-21,EUCTR2020-000842-32,EudraCT,FALSE,FALSE,FALSE,FALSE,FALSE,FALSE,FALSE,TRUE,1,TRUE,0,TRUE
tri02934,10.1038/s41467-020-19056-6,33082342,2020-10-20,EUCTR2020-001010-38,EudraCT,FALSE,FALSE,FALSE,FALSE,FALSE,FALSE,FALSE,TRUE,1,TRUE,0,TRUE
tri03276,10.1093/cid/ciaa1009,32674126,2020-07-16,EUCTR2020-001031-27,EudraCT,FALSE,FALSE,FALSE,FALSE,FALSE,FALSE,FALSE,TRUE,1,TRUE,0,TRUE
tri03276,10.1056/nejmoa2021801,33289973,2020-11-24,EUCTR2020-001031-27,EudraCT,FALSE,FALSE,FALSE,FALSE,FALSE,FALSE,FALSE,TRUE,2,FALSE,0,TRUE
tri01108,10.1159/000519090,34852352,2021-12-01,EUCTR2020-001039-29,EudraCT,FALSE,FALSE,FALSE,FALSE,FALSE,FALSE,FALSE,TRUE,1,TRUE,0,TRUE
tri01483,10.1056/nejmoa2007764,32445440,2020-10-08,EUCTR2020-001052-18,EudraCT,FALSE,FALSE,FALSE,FALSE,FALSE,FALSE,FALSE,TRUE,1,TRUE,0,TRUE
tri00740,10.1186/s12967-020-02573-9,33087150,2020-10-21,EUCTR2020-001110-38,EudraCT,FALSE,FALSE,FALSE,FALSE,FALSE,FALSE,FALSE,TRUE,1,TRUE,0,TRUE
tri02447,10.1056/nejmoa2028700,33631066,2021-02-25,EUCTR2020-001154-22,EudraCT,FALSE,FALSE,FALSE,FALSE,FALSE,FALSE,FALSE,TRUE,1,TRUE,0,TRUE
tri03748,10.1016/s2213-2600(21)00099-0,33676590,2021-03-04,EUCTR2020-001162-12,EudraCT,FALSE,FALSE,FALSE,FALSE,FALSE,FALSE,FALSE,TRUE,1,TRUE,0,TRUE
tri01798,10.1183/13993003.00752-2021,34083403,2021-06-03,EUCTR2020-001198-55,EudraCT,FALSE,FALSE,FALSE,FALSE,FALSE,FALSE,FALSE,TRUE,1,TRUE,0,TRUE
tri01277,10.1016/j.eclinm.2021.100849,33903855,2021-04-22,EUCTR2020-001200-42,EudraCT,FALSE,FALSE,FALSE,FALSE,FALSE,FALSE,FALSE,TRUE,1,TRUE,0,TRUE
tri03051,10.1016/s2213-2600(21)00214-9,34126053,2021-06-11,EUCTR2020-001206-35,EudraCT,FALSE,FALSE,FALSE,FALSE,FALSE,FALSE,FALSE,TRUE,1,TRUE,0,TRUE
tri00650,10.1016/s2213-2600(21)00237-x,34147142,2021-06-18,EUCTR2020-001236-10,EudraCT,FALSE,FALSE,FALSE,FALSE,FALSE,FALSE,FALSE,TRUE,1,TRUE,0,TRUE
tri03183,10.1016/j.ebiom.2021.103288,33752127,2021-03-19,EUCTR2020-001243-15,EudraCT,FALSE,FALSE,FALSE,FALSE,FALSE,FALSE,FALSE,TRUE,1,TRUE,0,TRUE
tri00791,10.1038/s41418-021-00817-9,34230615,2021-07-06,EUCTR2020-001250-21,EudraCT,FALSE,FALSE,FALSE,FALSE,FALSE,FALSE,FALSE,TRUE,1,TRUE,0,TRUE
tri03499,10.1172/jci152264,34464358,2021-08-31,EUCTR2020-001310-38,EudraCT,FALSE,FALSE,FALSE,FALSE,FALSE,FALSE,FALSE,TRUE,1,TRUE,0,TRUE
tri03057,10.1001/jama.2021.9508,34283183,2021-07-20,EUCTR2020-001370-30,EudraCT,FALSE,FALSE,FALSE,FALSE,FALSE,FALSE,FALSE,TRUE,1,TRUE,0,TRUE
tri01413,10.1371/journal.pone.0271807,35960720,2022-08-12,EUCTR2020-001375-32,EudraCT,FALSE,FALSE,FALSE,FALSE,FALSE,FALSE,FALSE,TRUE,1,TRUE,0,TRUE
tri03309,10.1001/jamainternmed.2020.6615,33080005,2020-10-20,EUCTR2020-001386-37,EudraCT,FALSE,FALSE,FALSE,FALSE,FALSE,FALSE,FALSE,TRUE,1,TRUE,0,TRUE
tri00789,10.3389/fmed.2021.691712,34195214,2021-06-14,EUCTR2020-001445-39,EudraCT,FALSE,FALSE,FALSE,FALSE,FALSE,FALSE,FALSE,TRUE,1,TRUE,0,TRUE
tri01485,10.1001/jamanetworkopen.2020.13136,32579195,2020-06-01,EUCTR2020-001455-40,EudraCT,FALSE,FALSE,FALSE,FALSE,FALSE,FALSE,FALSE,TRUE,1,TRUE,0,TRUE
tri03313,10.1016/s2213-8587(21)00180-7,34302745,2021-07-21,EUCTR2020-001473-79,EudraCT,FALSE,FALSE,FALSE,FALSE,FALSE,FALSE,FALSE,TRUE,1,TRUE,0,TRUE
tri05461,10.1016/j.eclinm.2021.101152,34723163,2021-10-23,EUCTR2020-001502-38,EudraCT,FALSE,FALSE,FALSE,FALSE,FALSE,FALSE,FALSE,TRUE,1,TRUE,0,TRUE
tri03455,10.1016/s2213-2600(21)00331-3,34480861,2021-09-01,EUCTR2020-001517-21,EudraCT,FALSE,FALSE,FALSE,FALSE,FALSE,FALSE,FALSE,TRUE,1,TRUE,0,TRUE
tri03455,10.1016/s2213-2600(22)00006-6,35123660,2022-02-03,EUCTR2020-001517-21,EudraCT,FALSE,FALSE,FALSE,FALSE,FALSE,FALSE,FALSE,TRUE,2,FALSE,0,TRUE
tri01986,10.1016/s2213-2600(21)00460-4,34922649,2021-12-16,EUCTR2020-001684-85,EudraCT,FALSE,FALSE,FALSE,FALSE,FALSE,FALSE,FALSE,TRUE,1,TRUE,0,TRUE
tri01986,10.1016/s2213-2600(21)00460-4,34922649,2021-12-16,EUCTR2020-001684-89,EudraCT,FALSE,FALSE,FALSE,FALSE,FALSE,FALSE,FALSE,TRUE,1,TRUE,0,FALSE
tri03026,10.1016/s2213-2600(21)00222-8,34051877,2021-05-27,EUCTR2020-001689-12,EudraCT,FALSE,FALSE,FALSE,FALSE,FALSE,FALSE,FALSE,TRUE,1,TRUE,0,TRUE
tri01170,10.1038/s41375-021-01374-3,34385593,2021-08-12,EUCTR2020-001732-10,EudraCT,FALSE,FALSE,FALSE,FALSE,FALSE,FALSE,FALSE,TRUE,1,TRUE,0,TRUE
tri02964,10.1016/s2213-2600(21)00263-0,34252378,2021-07-09,EUCTR2020-001740-26,EudraCT,FALSE,FALSE,FALSE,FALSE,FALSE,FALSE,FALSE,TRUE,1,TRUE,0,TRUE
tri02275,10.1007/s40121-021-00505-8,34363189,2021-08-06,EUCTR2020-001882-36,EudraCT,FALSE,FALSE,FALSE,FALSE,FALSE,FALSE,FALSE,TRUE,1,TRUE,0,TRUE
tri02982,10.1016/s2213-2600(21)00160-0,33844996,2021-04-09,EUCTR2020-001889-10,EudraCT,FALSE,FALSE,FALSE,FALSE,FALSE,FALSE,FALSE,TRUE,1,TRUE,0,TRUE
tri03444,10.3389/fimmu.2022.873067,35865520,2022-07-05,EUCTR2020-002448-21,EudraCT,FALSE,FALSE,FALSE,FALSE,FALSE,FALSE,FALSE,TRUE,1,TRUE,0,TRUE
tri07001,10.1001/jama.2022.2832,35285853,2022-03-14,EUCTR2020-002871-36,EudraCT,FALSE,FALSE,FALSE,FALSE,FALSE,FALSE,FALSE,TRUE,1,TRUE,0,TRUE
tri07423,10.1001/jama.2021.18295,34673895,2021-10-21,EUCTR2020-003363-25,EudraCT,FALSE,FALSE,FALSE,FALSE,FALSE,FALSE,FALSE,TRUE,1,TRUE,0,TRUE
tri07286,10.1056/nejmoa2109682,34347950,2021-08-04,EUCTR2020-003654-71,EudraCT,FALSE,FALSE,FALSE,FALSE,FALSE,FALSE,FALSE,TRUE,1,TRUE,0,TRUE
tri07286,10.1001/jama.2021.24939,35029629,2022-01-14,EUCTR2020-003654-71,EudraCT,FALSE,FALSE,FALSE,FALSE,FALSE,FALSE,FALSE,TRUE,2,FALSE,0,TRUE
tri02344,10.1056/nejmoa2107659,34192426,2021-06-30,EUCTR2020-004123-16,EudraCT,FALSE,FALSE,FALSE,FALSE,FALSE,FALSE,FALSE,TRUE,1,TRUE,0,TRUE
tri10295,10.1016/s0140-6736(21)01694-9,34370971,2021-08-06,EUCTR2020-005085-33,EudraCT,FALSE,FALSE,FALSE,FALSE,FALSE,FALSE,FALSE,TRUE,1,TRUE,0,TRUE
tri01275,10.1111/cts.12881,32881359,2020-09-03,EUCTR2020-005395-35,EudraCT,FALSE,FALSE,FALSE,FALSE,FALSE,FALSE,FALSE,TRUE,1,TRUE,0,TRUE
tri08276,10.1038/s41591-021-01499-z,34480127,2021-09-03,EUCTR2020-005828-11,EudraCT,FALSE,FALSE,FALSE,FALSE,FALSE,FALSE,FALSE,TRUE,1,TRUE,0,TRUE
tri08957,10.1183/23120541.00129-2022,35642194,2022-04-01,EUCTR2021-000235-30,EudraCT,FALSE,FALSE,FALSE,FALSE,FALSE,FALSE,FALSE,TRUE,1,TRUE,0,TRUE
tri08872,10.1016/s0140-6736(21)01420-3,34181880,2021-06-25,EUCTR2021-001978-37,EudraCT,FALSE,FALSE,FALSE,FALSE,FALSE,FALSE,FALSE,TRUE,1,TRUE,0,TRUE
tri03853,NA,33959166,2020-12-19,IRCT20150107020592N29,IRCT,FALSE,FALSE,FALSE,FALSE,FALSE,FALSE,FALSE,TRUE,1,TRUE,0,TRUE
tri00862,10.1111/ijcp.13600,32603531,2020-06-30,IRCT20190727044343N1,IRCT,FALSE,FALSE,FALSE,FALSE,FALSE,FALSE,FALSE,TRUE,1,TRUE,0,TRUE
tri01442,10.24875/ric.21000028,34019535,2021-03-08,IRCT20191228045924N1,IRCT,FALSE,FALSE,FALSE,FALSE,FALSE,FALSE,FALSE,TRUE,1,TRUE,0,TRUE
tri02778,10.1016/j.intimp.2021.107522,33735712,2021-03-11,IRCT20200318046812N1,IRCT,FALSE,FALSE,FALSE,FALSE,FALSE,FALSE,FALSE,TRUE,1,TRUE,0,TRUE
tri02060,10.1016/j.ijrobp.2020.11.065,33278503,2020-12-02,IRCT20200509047366N1,IRCT,FALSE,FALSE,FALSE,FALSE,FALSE,FALSE,FALSE,TRUE,1,TRUE,0,TRUE
tri01483,10.1056/nejmoa2007764,32445440,2020-10-08,ISRCTN13035264,ISRCTN,FALSE,FALSE,FALSE,FALSE,FALSE,FALSE,FALSE,TRUE,1,TRUE,0,TRUE
tri02447,10.1056/nejmoa2028700,33631066,2021-02-25,ISRCTN13593711,ISRCTN,FALSE,FALSE,FALSE,FALSE,FALSE,FALSE,FALSE,TRUE,1,TRUE,0,TRUE
tri02446,10.1056/nejmoa2015301,32459919,2020-05-27,ISRCTN15874265,ISRCTN,FALSE,FALSE,FALSE,FALSE,FALSE,FALSE,FALSE,TRUE,1,TRUE,0,TRUE
tri03172,10.1093/qjmed/hcab035,33599247,2021-02-18,ISRCTN40302986,ISRCTN,FALSE,FALSE,FALSE,FALSE,FALSE,FALSE,FALSE,TRUE,1,TRUE,0,TRUE
tri05790,10.1055/a-1414-5216,33677827,2021-03-07,ISRCTN59048638,ISRCTN,FALSE,FALSE,FALSE,FALSE,FALSE,FALSE,FALSE,TRUE,1,TRUE,0,TRUE
tri02445,10.1001/jama.2020.16349,32821939,2020-08-21,ISRCTN85762140,ISRCTN,FALSE,FALSE,FALSE,FALSE,FALSE,FALSE,FALSE,TRUE,1,TRUE,0,TRUE
tri01483,10.1056/nejmoa2007764,32445440,2020-10-08,JPRN-jRCT2031190264,jRCT,FALSE,FALSE,FALSE,FALSE,FALSE,FALSE,FALSE,TRUE,1,TRUE,0,TRUE
tri03418,10.1056/nejmoa2031994,33306283,2020-12-11,JPRN-jRCT2031200035,jRCT,FALSE,FALSE,FALSE,FALSE,FALSE,FALSE,FALSE,TRUE,1,TRUE,0,TRUE
tri00675,10.3390/jcm10163545,34441840,2021-08-21,KCT0005105,CRiS,FALSE,FALSE,FALSE,FALSE,FALSE,FALSE,FALSE,TRUE,1,TRUE,0,TRUE
tri01798,10.1183/13993003.00752-2021,34083403,2021-06-03,NCT04322396,ClinicalTrials.gov,FALSE,FALSE,FALSE,FALSE,FALSE,FALSE,FALSE,TRUE,1,TRUE,0,TRUE
tri01097,10.1001/jamainternmed.2021.2209,34028504,2021-05-24,NCT04331808,ClinicalTrials.gov,FALSE,FALSE,FALSE,FALSE,FALSE,FALSE,FALSE,TRUE,2,FALSE,0,TRUE
tri00996,10.1002/art.41742,33779073,2021-03-28,NCT04349371,ClinicalTrials.gov,FALSE,FALSE,FALSE,FALSE,FALSE,FALSE,FALSE,TRUE,1,TRUE,0,TRUE
tri01147,10.24875/ric.20000237,32584322,2020-05-25,NCT04357106,ClinicalTrials.gov,FALSE,FALSE,FALSE,FALSE,FALSE,FALSE,FALSE,TRUE,1,TRUE,0,TRUE
tri02120,10.1513/annalsats.202011-1466rl,33596394,2021-08-01,NCT04368000,ClinicalTrials.gov,FALSE,FALSE,FALSE,FALSE,FALSE,FALSE,FALSE,TRUE,1,TRUE,0,TRUE
tri02344,10.1056/nejmoa2107659,34192426,2021-06-30,NCT04368988,ClinicalTrials.gov,FALSE,FALSE,FALSE,FALSE,FALSE,FALSE,FALSE,TRUE,1,TRUE,0,TRUE
tri03407,10.1259/bjr.20210187,34545760,2021-09-17,NCT04394793,ClinicalTrials.gov,FALSE,FALSE,FALSE,FALSE,FALSE,FALSE,FALSE,TRUE,1,TRUE,0,TRUE
tri03429,10.1016/j.ijid.2020.11.191,33278625,2020-12-02,NCT04407130,ClinicalTrials.gov,FALSE,FALSE,FALSE,FALSE,FALSE,FALSE,FALSE,TRUE,1,TRUE,0,TRUE
tri02944,10.1038/s41591-021-01488-2,34504336,2021-09-09,NCT04418518,ClinicalTrials.gov,FALSE,FALSE,FALSE,FALSE,FALSE,FALSE,FALSE,TRUE,1,TRUE,0,FALSE
tri03020,10.18087/cardio.2020.11.n1440,33487145,2020-12-03,NCT04424134,ClinicalTrials.gov,FALSE,FALSE,FALSE,FALSE,FALSE,FALSE,FALSE,TRUE,1,TRUE,0,TRUE
tri03558,NA,32920571,2020-09-01,NCT04441424,ClinicalTrials.gov,FALSE,FALSE,FALSE,FALSE,FALSE,FALSE,FALSE,TRUE,1,TRUE,0,TRUE
tri03634,10.1016/j.ijid.2021.04.035,33864917,2021-04-20,NCT04446104,ClinicalTrials.gov,FALSE,FALSE,FALSE,FALSE,FALSE,FALSE,FALSE,TRUE,1,TRUE,0,TRUE
tri05695,10.1016/j.ijid.2020.11.198,33285283,2020-12-04,NCT04474340,ClinicalTrials.gov,FALSE,FALSE,FALSE,FALSE,FALSE,FALSE,FALSE,TRUE,1,TRUE,0,TRUE
tri05711,10.1080/14712598.2021.1905794,33835886,2021-04-09,NCT04475588,ClinicalTrials.gov,FALSE,FALSE,FALSE,FALSE,FALSE,FALSE,FALSE,TRUE,1,TRUE,0,TRUE
tri05790,10.1055/a-1414-5216,33677827,2021-03-07,NCT04483830,ClinicalTrials.gov,FALSE,FALSE,FALSE,FALSE,FALSE,FALSE,FALSE,TRUE,1,TRUE,0,TRUE
tri05811,10.1055/a-1485-2372,33865239,2021-04-17,NCT04486508,ClinicalTrials.gov,FALSE,FALSE,FALSE,FALSE,FALSE,FALSE,FALSE,TRUE,2,FALSE,0,TRUE
tri06075,10.1038/s41598-021-88086-x,33893337,2021-04-23,NCT04519385,ClinicalTrials.gov,FALSE,FALSE,FALSE,FALSE,FALSE,FALSE,FALSE,TRUE,1,TRUE,0,TRUE
tri06252,10.1111/joim.13223,33274479,2020-12-03,NCT04540926,ClinicalTrials.gov,FALSE,FALSE,FALSE,FALSE,FALSE,FALSE,FALSE,TRUE,1,TRUE,0,TRUE
tri06303,10.1513/annalsats.202009-1164oc,33356977,2020-12-23,NCT04547283,ClinicalTrials.gov,FALSE,FALSE,FALSE,FALSE,FALSE,FALSE,FALSE,TRUE,1,TRUE,0,TRUE
tri02344,10.1056/nejmoa2107659,34192426,2021-06-30,NCT04583995,ClinicalTrials.gov,FALSE,FALSE,FALSE,FALSE,FALSE,FALSE,FALSE,TRUE,1,TRUE,0,FALSE
tri06671,10.1016/j.amsu.2020.11.027,33200031,2020-11-10,NCT04603729,ClinicalTrials.gov,FALSE,FALSE,FALSE,FALSE,FALSE,FALSE,FALSE,TRUE,1,TRUE,0,TRUE
tri08276,10.1038/s41591-021-01499-z,34480127,2021-09-03,NCT04680949,ClinicalTrials.gov,FALSE,FALSE,FALSE,FALSE,FALSE,FALSE,FALSE,TRUE,1,TRUE,0,TRUE
tri10131,10.7759/cureus.20691,34976549,2021-12-25,NCT04728802,ClinicalTrials.gov,FALSE,FALSE,FALSE,FALSE,FALSE,FALSE,FALSE,TRUE,1,TRUE,0,TRUE
tri07654,10.7759/cureus.13047,33643746,2021-02-01,NCT04729491,ClinicalTrials.gov,FALSE,FALSE,FALSE,FALSE,FALSE,FALSE,FALSE,TRUE,1,TRUE,0,TRUE
tri08957,10.1183/23120541.00129-2022,35642194,2022-04-01,NCT04746430,ClinicalTrials.gov,FALSE,FALSE,FALSE,FALSE,FALSE,FALSE,FALSE,TRUE,1,TRUE,0,TRUE
tri07899,10.1093/infdis/jiab627,34958382,2021-12-27,NCT04756323,ClinicalTrials.gov,FALSE,FALSE,FALSE,FALSE,FALSE,FALSE,FALSE,TRUE,1,TRUE,0,TRUE
tri08101,10.3390/jcm10112378,34071293,2021-05-28,NCT04793243,ClinicalTrials.gov,FALSE,FALSE,FALSE,FALSE,FALSE,FALSE,FALSE,TRUE,1,TRUE,0,TRUE
tri08800,10.3390/medicina57080842,34441048,2021-08-19,NCT04860219,ClinicalTrials.gov,FALSE,FALSE,FALSE,FALSE,FALSE,FALSE,FALSE,TRUE,1,TRUE,0,TRUE
tri09466,10.1371/journal.pone.0256401,34411199,2021-08-19,NCT04894409,ClinicalTrials.gov,FALSE,FALSE,FALSE,FALSE,FALSE,FALSE,FALSE,TRUE,1,TRUE,0,TRUE
tri00650,10.1016/s2213-2600(21)00237-x,34147142,2021-06-18,NL8491,NTR,FALSE,FALSE,FALSE,FALSE,FALSE,FALSE,FALSE,TRUE,1,TRUE,0,TRUE
tri01413,10.1371/journal.pone.0271807,35960720,2022-08-12,NL8504,NTR,FALSE,FALSE,FALSE,FALSE,FALSE,FALSE,FALSE,TRUE,1,TRUE,0,TRUE
tri03366,10.1056/nejmoa2030340,33332779,2020-12-17,PER-027-20,REPEC,FALSE,FALSE,FALSE,FALSE,FALSE,FALSE,FALSE,TRUE,1,TRUE,0,TRUE
tri07001,10.1001/jama.2022.2832,35285853,2022-03-14,PER-095-20,REPEC,FALSE,FALSE,FALSE,FALSE,FALSE,FALSE,FALSE,TRUE,1,TRUE,0,TRUE
tri02448,10.1056/nejmoa2019014,32706953,2020-07-23,RBR-9d8z6m,ReBec,FALSE,FALSE,FALSE,FALSE,FALSE,FALSE,FALSE,TRUE,1,TRUE,0,TRUE
